PeliculaTitulo,Genero,DuracionMin,Distribuidora,ClasificacionEdad
Peli 01,Drama,132,Cobalt Studio,12
Peli 02,Thriller,110,Cobalt Studio,18
Peli 03,Drama,110,Nebula Films,TP
Peli 04,Comedia,132,Nebula Films,7
Peli 05,Aventura,110,Iberia Pictures,TP
Peli 06,Thriller,132,Aurora Media,16
Peli 07,Sci-Fi,124,Aurora Media,16
Peli 08,Animación,102,Atlas Distribution,TP
Peli 09,Drama,102,Nebula Films,TP
Peli 10,Thriller,108,Aurora Media,12
Peli 11,Thriller,140,Iberia Pictures,7
Peli 12,Animación,95,Cobalt Studio,7
Peli 13,Sci-Fi,110,Iberia Pictures,18
Peli 14,Animación,102,Nebula Films,18
Peli 15,Thriller,132,Iberia Pictures,12
Peli 16,Drama,132,Atlas Distribution,12
Peli 17,Thriller,132,Atlas Distribution,16
Peli 18,Thriller,118,Nebula Films,TP
Peli 19,Drama,140,Nebula Films,16
Peli 20,Sci-Fi,110,Aurora Media,18
Peli 21,Comedia,102,Iberia Pictures,7
Peli 22,Animación,124,Atlas Distribution,12
Peli 23,Aventura,118,Iberia Pictures,TP
Peli 24,Drama,102,Iberia Pictures,16
Peli 25,Comedia,108,Nebula Films,18
Peli 26,Animación,110,Cobalt Studio,7
Peli 27,Animación,95,Atlas Distribution,16
Peli 28,Acción,132,Iberia Pictures,7
Peli 29,Drama,102,Cobalt Studio,16
Peli 30,Aventura,140,Nebula Films,12
