VehiculoID,Matricula,Marca,Modelo,Anio,Combustible,ClienteID
V00001,WVX9098,Volkswagen,Golf,2020,Eléctrico,C0001
V00002,VVJ1426,Renault,Clio,2020,Híbrido,C0001
V00003,YMM2563,Hyundai,i30,2006,Diésel,C0002
V00004,VWR1878,Renault,Clio,2021,Gasolina,C0002
V00005,YCK8974,Toyota,Corolla,2013,Eléctrico,C0003
V00006,XFF4332,Volkswagen,Golf,2019,Diésel,C0003
V00007,MLT5324,Seat,Ibiza,2021,Gasolina,C0004
V00008,PXV1412,BMW,Serie 1,2017,Gasolina,C0006
V00009,ZNG1893,Seat,Ibiza,2007,Diésel,C0007
V00010,BPL1599,Ford,Focus,2008,Híbrido,C0007
V00011,VLS6415,Toyota,Corolla,2025,Diésel,C0008
V00012,VKP3501,Kia,Ceed,2009,Diésel,C0009
V00013,HLL8968,Ford,Focus,2016,Híbrido,C0010
V00014,PZX1152,Seat,León,2019,Eléctrico,C0011
V00015,KFR4736,BMW,Serie 1,2010,Gasolina,C0012
V00016,YWZ3606,Renault,Clio,2018,Diésel,C0013
V00017,SWP9565,Seat,Ibiza,2007,Diésel,C0014
V00018,LVC3032,Peugeot,208,2011,Diésel,C0015
V00019,KNC6174,Audi,A3,2012,Eléctrico,C0016
V00020,PYY5852,Toyota,Corolla,2011,Híbrido,C0017
V00021,KMF2533,Volkswagen,Golf,2023,Eléctrico,C0018
V00022,FDK6142,Seat,Ibiza,2007,Diésel,C0019
V00023,XLZ3183,Peugeot,208,2018,Diésel,C0019
V00024,SSJ2385,Audi,A3,2023,Gasolina,C0020
V00025,SRF4417,Audi,A3,2012,Diésel,C0020
V00026,HDD8085,Renault,Clio,2007,Gasolina,C0021
V00027,CZJ2165,Hyundai,i30,2022,Diésel,C0021
V00028,KMV1240,Volkswagen,Golf,2025,Diésel,C0022
V00029,KSJ3904,Kia,Ceed,2019,Diésel,C0023
V00030,TBV5370,Renault,Clio,2014,Gasolina,C0024
V00031,JMP2664,Kia,Ceed,2007,Híbrido,C0024
V00032,TNC8105,Audi,A3,2017,Diésel,C0025
V00033,BDR1992,Audi,A3,2009,Híbrido,C0026
V00034,FJP8959,Audi,A3,2013,Híbrido,C0027
V00035,HBZ2943,BMW,Serie 1,2018,Eléctrico,C0028
V00036,DCF4538,Hyundai,i30,2012,Eléctrico,C0029
V00037,LYH9703,Audi,A3,2018,Eléctrico,C0030
V00038,BRL6729,Volkswagen,Golf,2011,Eléctrico,C0031
V00039,HCN7618,Kia,Ceed,2018,Diésel,C0032
V00040,TNS1149,Seat,León,2020,Gasolina,C0033
V00041,MWG5434,Peugeot,208,2019,Eléctrico,C0034
V00042,JHM1798,Renault,Laguna,2011,Gasolina,C0035
V00043,TGS4671,Renault,Clio,2024,Diésel,C0036
V00044,JVR1616,Toyota,Corolla,2019,Eléctrico,C0037
V00045,HCH3350,Seat,Ibiza,2024,Híbrido,C0038
V00046,DYC2474,Ford,Focus,2007,Diésel,C0039
V00047,YXC5471,Audi,A3,2007,Gasolina,C0040
V00048,CXP9065,Peugeot,208,2016,Eléctrico,C0040
V00049,TNW4370,Hyundai,i30,2022,Híbrido,C0041
V00050,LVF8024,Seat,Ibiza,2025,Diésel,C0041
V00051,GWM9231,Renault,Clio,2007,Diésel,C0042
V00052,NLY6903,Ford,Focus,2010,Diésel,C0044
V00053,LGP5870,Hyundai,i30,2022,Gasolina,C0045
V00054,CMF2375,Ford,Focus,2022,Gasolina,C0046
V00055,PVJ8589,Toyota,Corolla,2010,Híbrido,C0047
V00056,TFG5642,Toyota,Corolla,2017,Gasolina,C0048
V00057,STS3315,Seat,León,2009,Eléctrico,C0049
V00058,CXN2613,Seat,Ibiza,2021,Híbrido,C0050
V00059,LHV8580,Volkswagen,Golf,2019,Diésel,C0052
V00060,BPS2884,Volkswagen,Golf,2025,Híbrido,C0053
V00061,PKL1980,Renault,Laguna,2006,Diésel,C0054
V00062,FTS1403,Toyota,Corolla,2023,Gasolina,C0055
V00063,BYK3372,BMW,Serie 1,2008,Eléctrico,C0056
V00064,DVT3263,Ford,Focus,2011,Gasolina,C0057
V00065,RPX1174,Seat,Ibiza,2017,Diésel,C0057
V00066,JLN3368,Kia,Ceed,2021,Eléctrico,C0058
V00067,YXJ8458,Toyota,Corolla,2010,Gasolina,C0060
V00068,CPN1840,BMW,Serie 1,2025,Eléctrico,C0061
V00069,RXS7722,Renault,Laguna,2021,Gasolina,C0062
V00070,HMK9327,Audi,A3,2007,Híbrido,C0063
V00071,RHH7303,Ford,Focus,2025,Diésel,C0064
V00072,BXL7078,Toyota,Corolla,2015,Eléctrico,C0064
V00073,PMF2493,Seat,León,2013,Gasolina,C0065
V00074,SPB7969,Renault,Laguna,2009,Híbrido,C0066
V00075,KLR3500,Seat,León,2025,Gasolina,C0067
V00076,DSG9570,Renault,Clio,2023,Gasolina,C0068
V00077,DRK7597,Ford,Focus,2013,Eléctrico,C0069
V00078,JZP5948,Renault,Clio,2022,Gasolina,C0071
V00079,SSK7077,Hyundai,i30,2016,Gasolina,C0072
V00080,BXS1660,Kia,Ceed,2008,Híbrido,C0073
V00081,DNR5638,Peugeot,208,2019,Eléctrico,C0074
V00082,DJG5316,Hyundai,i30,2007,Eléctrico,C0075
V00083,TCK3049,BMW,Serie 1,2012,Híbrido,C0076
V00084,KPN9517,Seat,Ibiza,2015,Diésel,C0077
V00085,RVY5016,Seat,Ibiza,2007,Diésel,C0078
V00086,CSJ6328,Ford,Focus,2013,Diésel,C0079
V00087,GTH8795,Renault,Laguna,2018,Híbrido,C0081
V00088,YHW6537,Ford,Focus,2009,Eléctrico,C0081
V00089,WFV7966,Seat,León,2015,Eléctrico,C0082
V00090,FLH4003,Seat,León,2021,Gasolina,C0083
V00091,FBS6446,Hyundai,i30,2024,Diésel,C0084
V00092,YBJ7827,Volkswagen,Golf,2009,Gasolina,C0085
V00093,VKD1261,Peugeot,208,2021,Gasolina,C0087
V00094,YRV4331,Seat,León,2014,Eléctrico,C0088
V00095,PLY6149,Hyundai,i30,2008,Eléctrico,C0089
V00096,NYR4656,Kia,Ceed,2006,Diésel,C0090
V00097,WZY5870,Kia,Ceed,2007,Híbrido,C0091
V00098,TCH1775,Audi,A3,2009,Diésel,C0091
V00099,CVC2626,Seat,León,2025,Gasolina,C0092
V00100,ZVT7019,Toyota,Corolla,2006,Diésel,C0093
V00101,FBL4329,Kia,Ceed,2006,Diésel,C0094
V00102,TTY9710,Renault,Laguna,2017,Diésel,C0095
V00103,MFJ3592,Toyota,Corolla,2024,Híbrido,C0096
V00104,KNR4743,Seat,León,2019,Híbrido,C0097
V00105,JHC8473,Kia,Ceed,2020,Diésel,C0098
V00106,BPX3786,Renault,Laguna,2014,Gasolina,C0098
V00107,DPP4289,Ford,Focus,2017,Híbrido,C0099
V00108,NFZ1385,Audi,A3,2017,Híbrido,C0100
V00109,LTP8554,Peugeot,208,2018,Diésel,C0100
V00110,JTP2299,Kia,Ceed,2008,Diésel,C0101
V00111,BBR5027,Renault,Clio,2007,Eléctrico,C0102
V00112,VZP7139,Renault,Clio,2019,Eléctrico,C0103
V00113,GBD5364,Kia,Ceed,2022,Diésel,C0104
V00114,HCH2857,Audi,A3,2016,Diésel,C0105
V00115,KGY8621,Seat,Ibiza,2008,Diésel,C0106
V00116,PBM4951,Renault,Laguna,2017,Eléctrico,C0106
V00117,MVR7337,Renault,Laguna,2023,Gasolina,C0107
V00118,YHY7496,Seat,Ibiza,2012,Eléctrico,C0108
V00119,HTP5554,Peugeot,208,2010,Diésel,C0109
V00120,DVC6819,Seat,León,2010,Eléctrico,C0110
V00121,RPW9805,Renault,Clio,2009,Híbrido,C0111
V00122,WWF9268,Volkswagen,Golf,2008,Diésel,C0112
V00123,JZM9019,Seat,León,2018,Eléctrico,C0113
V00124,LKG6019,Peugeot,208,2018,Eléctrico,C0114
V00125,CCX7362,Volkswagen,Golf,2021,Gasolina,C0115
V00126,XZX2548,Kia,Ceed,2017,Diésel,C0116
V00127,SRM9200,BMW,Serie 1,2017,Gasolina,C0117
V00128,YHR4795,Toyota,Corolla,2011,Diésel,C0118
V00129,HTX3508,Renault,Clio,2014,Eléctrico,C0118
V00130,PFB2110,Renault,Laguna,2023,Híbrido,C0119
V00131,NXC1906,Audi,A3,2014,Híbrido,C0119
V00132,RCB1997,Hyundai,i30,2023,Híbrido,C0120
V00133,RDG1342,Seat,Ibiza,2018,Gasolina,C0121
V00134,VDB2053,Peugeot,208,2022,Híbrido,C0121
V00135,JTS5487,Seat,Ibiza,2015,Diésel,C0122
V00136,VXM1172,Renault,Laguna,2015,Eléctrico,C0123
V00137,GLG3935,Toyota,Corolla,2016,Gasolina,C0123
V00138,VDP1140,BMW,Serie 1,2025,Híbrido,C0124
V00139,STK6180,Hyundai,i30,2016,Diésel,C0125
V00140,STG3251,Ford,Focus,2021,Gasolina,C0126
V00141,HFN5354,Renault,Laguna,2025,Eléctrico,C0127
V00142,XLP5106,BMW,Serie 1,2020,Híbrido,C0128
V00143,NKJ2776,Renault,Clio,2009,Eléctrico,C0129
V00144,RKN5115,Peugeot,208,2020,Diésel,C0130
V00145,SCG8244,Ford,Focus,2020,Híbrido,C0130
V00146,GHD1438,Volkswagen,Golf,2011,Gasolina,C0131
V00147,VMD1393,Kia,Ceed,2012,Eléctrico,C0132
V00148,LDD5337,Peugeot,208,2009,Híbrido,C0132
V00149,HYN3902,Volkswagen,Golf,2022,Gasolina,C0133
V00150,HWT9053,Renault,Laguna,2022,Eléctrico,C0134
V00151,PBG9946,Volkswagen,Golf,2011,Diésel,C0134
V00152,KHD8090,Renault,Clio,2023,Eléctrico,C0135
V00153,BPY9217,Volkswagen,Golf,2020,Híbrido,C0135
V00154,FJK7162,Peugeot,208,2009,Eléctrico,C0136
V00155,KVC7508,Renault,Clio,2021,Diésel,C0137
V00156,DBL8596,Toyota,Corolla,2022,Eléctrico,C0137
V00157,KXX1274,Audi,A3,2012,Híbrido,C0138
V00158,CJM4110,Toyota,Corolla,2019,Eléctrico,C0139
V00159,PZT2490,Renault,Laguna,2009,Híbrido,C0139
V00160,BST7232,Seat,León,2022,Híbrido,C0140
V00161,GCY5115,BMW,Serie 1,2010,Diésel,C0141
V00162,SLR6241,Hyundai,i30,2023,Híbrido,C0142
V00163,GYG9197,Volkswagen,Golf,2007,Eléctrico,C0143
V00164,GSX2710,Seat,León,2015,Gasolina,C0145
V00165,MCF2244,Seat,Ibiza,2015,Gasolina,C0145
V00166,KWK1686,Toyota,Corolla,2006,Híbrido,C0146
V00167,LKB9203,Volkswagen,Golf,2014,Híbrido,C0149
V00168,WKD2578,Ford,Focus,2015,Gasolina,C0150
V00169,FLC4676,Peugeot,208,2021,Diésel,C0151
V00170,JFY6187,Toyota,Corolla,2021,Gasolina,C0152
V00171,CHB9729,Ford,Focus,2007,Gasolina,C0153
V00172,FMZ7420,Audi,A3,2008,Híbrido,C0154
V00173,ZTN7345,Volkswagen,Golf,2024,Diésel,C0155
V00174,CVT2200,Peugeot,208,2012,Eléctrico,C0156
V00175,DHT8381,Ford,Focus,2022,Eléctrico,C0157
V00176,DWN7980,Volkswagen,Golf,2019,Híbrido,C0158
V00177,XZX7704,Hyundai,i30,2014,Diésel,C0159
V00178,YNX1344,Hyundai,i30,2013,Diésel,C0160
V00179,VDY2376,Ford,Focus,2015,Diésel,C0160
V00180,LGY2788,Seat,León,2017,Diésel,C0161
V00181,JZP7931,Kia,Ceed,2006,Gasolina,C0161
V00182,ZLJ5013,Seat,Ibiza,2022,Eléctrico,C0164
V00183,VKF5563,Renault,Clio,2024,Diésel,C0165
V00184,NSZ2669,Kia,Ceed,2015,Diésel,C0165
V00185,SMM2785,Seat,León,2023,Híbrido,C0166
V00186,JCM3981,Toyota,Corolla,2006,Eléctrico,C0167
V00187,YRD5241,Ford,Focus,2020,Eléctrico,C0168
V00188,YBX4790,Seat,Ibiza,2010,Gasolina,C0169
V00189,PTZ7144,Ford,Focus,2021,Eléctrico,C0170
V00190,XPR2983,Peugeot,208,2009,Gasolina,C0171
V00191,GHW7378,Renault,Laguna,2024,Eléctrico,C0172
V00192,TST9408,Audi,A3,2022,Gasolina,C0173
V00193,PCF5976,BMW,Serie 1,2024,Híbrido,C0174
V00194,HDX4581,Renault,Laguna,2012,Eléctrico,C0175
V00195,FZB6785,Volkswagen,Golf,2021,Diésel,C0176
V00196,ZSB1823,Peugeot,208,2024,Gasolina,C0177
V00197,KCR4598,Seat,León,2015,Diésel,C0178
V00198,GTC4946,Volkswagen,Golf,2024,Diésel,C0179
V00199,WZF1163,Audi,A3,2007,Diésel,C0180
V00200,SGL8087,Renault,Laguna,2006,Eléctrico,C0181
V00201,DBH9286,Audi,A3,2019,Eléctrico,C0182
V00202,WDB8071,Volkswagen,Golf,2025,Gasolina,C0183
V00203,XZY8029,Audi,A3,2020,Híbrido,C0183
V00204,VKY6910,Renault,Clio,2015,Diésel,C0184
V00205,VCF2186,Peugeot,208,2013,Híbrido,C0184
V00206,GWS8892,Audi,A3,2024,Diésel,C0185
V00207,YFJ5094,Seat,Ibiza,2015,Híbrido,C0186
V00208,HZZ4082,Volkswagen,Golf,2018,Gasolina,C0186
V00209,RPL9838,Volkswagen,Golf,2019,Híbrido,C0187
V00210,MRZ6237,Peugeot,208,2020,Diésel,C0188
V00211,RLS1102,Renault,Clio,2007,Gasolina,C0189
V00212,BXC9118,BMW,Serie 1,2023,Gasolina,C0190
V00213,TPF1198,Ford,Focus,2007,Gasolina,C0190
V00214,MMD9829,Renault,Clio,2013,Diésel,C0191
V00215,DJD1758,Ford,Focus,2010,Eléctrico,C0191
V00216,RNS7293,Volkswagen,Golf,2009,Gasolina,C0192
V00217,HHB4841,Seat,León,2017,Diésel,C0192
V00218,ZTR5692,Kia,Ceed,2010,Híbrido,C0193
V00219,RVK9923,Hyundai,i30,2013,Híbrido,C0194
V00220,DGD3157,Kia,Ceed,2022,Gasolina,C0195
V00221,NKB5247,Peugeot,208,2013,Eléctrico,C0196
V00222,KJD2191,BMW,Serie 1,2011,Gasolina,C0197
V00223,WCF2432,Hyundai,i30,2022,Híbrido,C0198
V00224,FGR9716,Kia,Ceed,2012,Híbrido,C0199
V00225,MKT9986,Renault,Clio,2022,Diésel,C0200
V00226,XBG2527,Hyundai,i30,2006,Eléctrico,C0201
V00227,VSK2824,Ford,Focus,2009,Híbrido,C0202
V00228,PWD1353,Hyundai,i30,2018,Híbrido,C0203
V00229,YYY8734,Renault,Clio,2009,Híbrido,C0204
V00230,VBM7222,Seat,Ibiza,2016,Diésel,C0205
V00231,GRL4755,Volkswagen,Golf,2008,Eléctrico,C0206
V00232,ZSJ9263,Seat,Ibiza,2019,Diésel,C0207
V00233,XRF6501,Ford,Focus,2020,Eléctrico,C0208
V00234,YMW8653,Kia,Ceed,2009,Diésel,C0209
V00235,TSM2873,Renault,Laguna,2024,Híbrido,C0210
V00236,DHV7309,Peugeot,208,2014,Gasolina,C0211
V00237,YTZ6189,Renault,Laguna,2020,Híbrido,C0212
V00238,WGY8972,Seat,León,2012,Eléctrico,C0212
V00239,PTL8206,BMW,Serie 1,2021,Híbrido,C0213
V00240,YXT6633,Toyota,Corolla,2019,Eléctrico,C0213
V00241,TRZ3337,Toyota,Corolla,2013,Diésel,C0214
V00242,JCZ2082,Seat,Ibiza,2023,Híbrido,C0215
V00243,ZCP4370,Seat,León,2007,Gasolina,C0216
V00244,YZV2050,Seat,Ibiza,2018,Diésel,C0217
V00245,NLV6263,Volkswagen,Golf,2012,Diésel,C0218
V00246,LCR7998,Toyota,Corolla,2018,Gasolina,C0219
V00247,LWF4097,Seat,León,2013,Eléctrico,C0220
V00248,FSF4143,Renault,Clio,2021,Híbrido,C0221
V00249,DJK3166,Toyota,Corolla,2017,Gasolina,C0222
V00250,FHW2611,BMW,Serie 1,2014,Gasolina,C0223
V00251,CLL7887,Renault,Laguna,2020,Híbrido,C0223
V00252,VGR3893,Renault,Laguna,2018,Híbrido,C0224
V00253,ZXH1065,BMW,Serie 1,2016,Híbrido,C0226
V00254,CYH2539,Seat,Ibiza,2012,Gasolina,C0227
V00255,MHD4855,Seat,Ibiza,2007,Eléctrico,C0228
V00256,GWJ2287,Toyota,Corolla,2024,Híbrido,C0229
V00257,BVZ2984,Renault,Laguna,2024,Híbrido,C0230
V00258,JNJ5124,Renault,Laguna,2009,Eléctrico,C0231
V00259,HSL5674,Ford,Focus,2011,Eléctrico,C0231
V00260,HJF6194,Kia,Ceed,2014,Diésel,C0232
V00261,DJL7536,Peugeot,208,2018,Híbrido,C0233
V00262,NRT2194,Kia,Ceed,2015,Diésel,C0235
V00263,VRR1681,Renault,Clio,2023,Gasolina,C0236
V00264,CBP6549,Kia,Ceed,2022,Híbrido,C0237
V00265,KMV2243,Renault,Clio,2013,Híbrido,C0238
V00266,NJG5044,Hyundai,i30,2021,Gasolina,C0239
V00267,FRX9631,Ford,Focus,2025,Eléctrico,C0239
V00268,HTM8968,Kia,Ceed,2019,Híbrido,C0240
V00269,HSK6497,BMW,Serie 1,2006,Eléctrico,C0241
V00270,JXH8062,Seat,Ibiza,2023,Diésel,C0242
V00271,GTK3508,Peugeot,208,2022,Eléctrico,C0242
V00272,KNF4621,Ford,Focus,2016,Eléctrico,C0243
V00273,VRK3978,Seat,León,2011,Híbrido,C0244
V00274,RJL8932,BMW,Serie 1,2025,Gasolina,C0244
V00275,YDP7956,Volkswagen,Golf,2017,Híbrido,C0245
V00276,FGC9537,Renault,Laguna,2023,Diésel,C0247
V00277,SGD8306,Renault,Laguna,2020,Híbrido,C0248
V00278,NCK8863,Kia,Ceed,2021,Híbrido,C0249
V00279,TRH6315,Seat,León,2018,Eléctrico,C0250
V00280,NVV8148,Seat,Ibiza,2009,Eléctrico,C0251
V00281,TXV6188,Seat,Ibiza,2020,Híbrido,C0252
V00282,NCD2707,Volkswagen,Golf,2007,Gasolina,C0253
V00283,DCV5274,Renault,Clio,2023,Eléctrico,C0253
V00284,BPY3262,Volkswagen,Golf,2008,Eléctrico,C0254
V00285,CDK6414,Kia,Ceed,2012,Diésel,C0255
V00286,JPR3437,Kia,Ceed,2013,Eléctrico,C0256
V00287,TGT4905,Seat,León,2023,Híbrido,C0256
V00288,ZVS4385,Peugeot,208,2018,Gasolina,C0259
V00289,DPF6879,Volkswagen,Golf,2020,Híbrido,C0261
V00290,JFW7677,Renault,Clio,2025,Diésel,C0262
V00291,XNX6169,Audi,A3,2018,Híbrido,C0262
V00292,DBT2718,Hyundai,i30,2024,Híbrido,C0263
V00293,HNT4798,BMW,Serie 1,2006,Diésel,C0264
V00294,PCN1014,Audi,A3,2019,Diésel,C0264
V00295,ZPV2797,Seat,León,2013,Diésel,C0265
V00296,KJJ5663,BMW,Serie 1,2011,Diésel,C0265
V00297,ZMJ4263,Audi,A3,2007,Híbrido,C0266
V00298,LDZ6781,Seat,León,2019,Eléctrico,C0269
V00299,LGF4568,Seat,Ibiza,2015,Híbrido,C0270
V00300,TFZ5748,Seat,León,2019,Híbrido,C0271
V00301,NKT2672,Toyota,Corolla,2023,Híbrido,C0272
V00302,TGV9420,Renault,Laguna,2018,Gasolina,C0275
V00303,SSL3710,Peugeot,208,2007,Gasolina,C0275
V00304,YKW3465,Seat,Ibiza,2007,Diésel,C0276
V00305,KYS9964,BMW,Serie 1,2011,Diésel,C0277
V00306,WFF9202,Peugeot,208,2007,Gasolina,C0278
V00307,FMD8315,Toyota,Corolla,2014,Híbrido,C0279
V00308,NNY6219,Hyundai,i30,2023,Diésel,C0280
V00309,GJH6086,Ford,Focus,2013,Gasolina,C0282
V00310,WTW1647,Ford,Focus,2007,Gasolina,C0283
V00311,MMN5642,Seat,León,2025,Eléctrico,C0284
V00312,RDD4619,Seat,León,2009,Eléctrico,C0284
V00313,KKZ3404,Audi,A3,2022,Gasolina,C0285
V00314,KTH2404,Audi,A3,2024,Eléctrico,C0286
V00315,FHJ7729,Ford,Focus,2019,Híbrido,C0288
V00316,ZJC9190,Hyundai,i30,2015,Diésel,C0289
V00317,KTV1019,Audi,A3,2020,Eléctrico,C0292
V00318,JPR8261,Peugeot,208,2006,Diésel,C0293
V00319,NLD4279,Renault,Laguna,2015,Gasolina,C0294
V00320,JTX5333,Ford,Focus,2010,Híbrido,C0294
V00321,PBG1816,Volkswagen,Golf,2019,Híbrido,C0295
V00322,WVX4657,Ford,Focus,2007,Diésel,C0296
V00323,CTP7475,BMW,Serie 1,2019,Híbrido,C0297
V00324,DCW8158,BMW,Serie 1,2022,Híbrido,C0298
V00325,XVB7452,Volkswagen,Golf,2017,Híbrido,C0299
V00326,TXG8524,Volkswagen,Golf,2011,Híbrido,C0300
V00327,GYH7354,Toyota,Corolla,2006,Gasolina,C0301
V00328,BPW9822,Volkswagen,Golf,2007,Híbrido,C0302
V00329,LJM5746,Renault,Laguna,2010,Eléctrico,C0303
V00330,VXL5162,Hyundai,i30,2022,Diésel,C0304
V00331,SMJ3822,Hyundai,i30,2019,Diésel,C0305
V00332,GBZ4954,Peugeot,208,2022,Híbrido,C0307
V00333,RSN2625,BMW,Serie 1,2011,Híbrido,C0308
V00334,NFP6594,Renault,Clio,2021,Gasolina,C0309
V00335,JCJ2967,Seat,Ibiza,2018,Gasolina,C0310
V00336,GFM1659,Toyota,Corolla,2019,Eléctrico,C0311
V00337,NJK3986,Peugeot,208,2009,Eléctrico,C0312
V00338,MJW2289,Seat,León,2009,Diésel,C0313
V00339,VGD6468,Toyota,Corolla,2006,Híbrido,C0314
V00340,TSY9851,Renault,Clio,2018,Híbrido,C0315
V00341,ZFD9141,Seat,Ibiza,2010,Eléctrico,C0316
V00342,XBR8175,Peugeot,208,2008,Híbrido,C0316
V00343,HVL2099,Kia,Ceed,2021,Eléctrico,C0317
V00344,JYT7997,BMW,Serie 1,2008,Eléctrico,C0318
V00345,BMD1618,Toyota,Corolla,2018,Diésel,C0319
V00346,FKR4025,Audi,A3,2020,Gasolina,C0322
V00347,MWY4547,Peugeot,208,2025,Gasolina,C0323
V00348,YZW7409,Renault,Clio,2019,Gasolina,C0324
V00349,DHD3276,Peugeot,208,2017,Gasolina,C0325
V00350,LDJ7095,Hyundai,i30,2008,Gasolina,C0327
V00351,XTM8484,Renault,Clio,2014,Diésel,C0327
V00352,JNR6498,Ford,Focus,2021,Gasolina,C0328
V00353,TJJ4057,Volkswagen,Golf,2020,Eléctrico,C0328
V00354,GTX7662,Renault,Clio,2010,Eléctrico,C0329
V00355,LSJ6686,BMW,Serie 1,2022,Diésel,C0330
V00356,LNS1345,Hyundai,i30,2010,Híbrido,C0331
V00357,NLZ4680,Kia,Ceed,2023,Híbrido,C0331
V00358,KWW1523,Volkswagen,Golf,2008,Híbrido,C0332
V00359,LDF6705,Seat,Ibiza,2018,Eléctrico,C0333
V00360,NPR7358,Renault,Clio,2019,Híbrido,C0335
V00361,TCP4991,Kia,Ceed,2011,Híbrido,C0336
V00362,TPZ8749,Audi,A3,2023,Híbrido,C0337
V00363,WWL8859,Toyota,Corolla,2014,Híbrido,C0338
V00364,MXN6610,Kia,Ceed,2007,Diésel,C0339
V00365,LKT4532,Volkswagen,Golf,2012,Gasolina,C0340
V00366,RBC4149,BMW,Serie 1,2011,Gasolina,C0340
V00367,VCS7117,Seat,León,2022,Gasolina,C0341
V00368,SRZ1101,Peugeot,208,2012,Eléctrico,C0341
V00369,PLN9129,Volkswagen,Golf,2020,Gasolina,C0343
V00370,YLH1103,Kia,Ceed,2009,Híbrido,C0344
V00371,ZDZ5055,BMW,Serie 1,2022,Eléctrico,C0344
V00372,ZWF8853,Ford,Focus,2019,Híbrido,C0345
V00373,KTP9836,Seat,León,2007,Híbrido,C0346
V00374,PKM9865,Audi,A3,2024,Diésel,C0347
V00375,MFK8328,Toyota,Corolla,2010,Diésel,C0349
V00376,GLS3571,Seat,León,2006,Diésel,C0349
V00377,FKP3033,Toyota,Corolla,2007,Eléctrico,C0350
V00378,KSM2087,Renault,Clio,2006,Diésel,C0351
V00379,SXS5528,Seat,León,2022,Gasolina,C0352
V00380,NFW9281,Kia,Ceed,2010,Híbrido,C0353
V00381,HYG4760,Volkswagen,Golf,2013,Híbrido,C0353
V00382,TXP7661,Renault,Clio,2012,Diésel,C0354
V00383,BVG4201,BMW,Serie 1,2024,Híbrido,C0355
V00384,VXT5517,Volkswagen,Golf,2022,Híbrido,C0356
V00385,KKJ2395,Kia,Ceed,2010,Híbrido,C0357
V00386,TFG9667,Toyota,Corolla,2024,Gasolina,C0357
V00387,MXG1938,BMW,Serie 1,2022,Híbrido,C0358
V00388,XSX8795,Seat,León,2010,Híbrido,C0358
V00389,WLC8789,Peugeot,208,2018,Híbrido,C0359
V00390,GCG7041,Seat,León,2010,Gasolina,C0360
V00391,PYY7064,Hyundai,i30,2021,Gasolina,C0361
V00392,ZHF7687,Kia,Ceed,2010,Gasolina,C0362
V00393,TSX5439,Hyundai,i30,2016,Diésel,C0363
V00394,LJW7448,BMW,Serie 1,2008,Gasolina,C0364
V00395,RLR4411,Seat,León,2015,Eléctrico,C0365
V00396,DJF6952,Volkswagen,Golf,2023,Eléctrico,C0366
V00397,YLM7233,Toyota,Corolla,2013,Híbrido,C0368
V00398,DBP6389,Seat,León,2023,Gasolina,C0369
V00399,VMK9948,Audi,A3,2023,Híbrido,C0370
V00400,YTY6287,Ford,Focus,2025,Gasolina,C0370
V00401,XWM6244,Renault,Clio,2010,Gasolina,C0371
V00402,YGH5103,Peugeot,208,2008,Híbrido,C0372
V00403,JVN5979,Renault,Laguna,2019,Híbrido,C0373
V00404,LWG7410,Seat,León,2025,Gasolina,C0373
V00405,PDW7688,Hyundai,i30,2011,Eléctrico,C0374
V00406,WFH1908,Kia,Ceed,2011,Eléctrico,C0375
V00407,FJW7335,Seat,León,2016,Eléctrico,C0376
V00408,FWH8761,Hyundai,i30,2015,Gasolina,C0377
V00409,BSB5407,Audi,A3,2021,Híbrido,C0378
V00410,HFX2610,Seat,Ibiza,2023,Híbrido,C0379
V00411,FVY6268,Toyota,Corolla,2009,Diésel,C0380
V00412,DJD9462,Audi,A3,2012,Eléctrico,C0381
V00413,VPT4203,Renault,Laguna,2015,Híbrido,C0382
V00414,LYM1720,Toyota,Corolla,2008,Eléctrico,C0383
V00415,PGJ8056,Ford,Focus,2006,Híbrido,C0384
V00416,WXP2228,BMW,Serie 1,2014,Híbrido,C0386
V00417,CZF4364,Audi,A3,2021,Híbrido,C0387
V00418,CTZ2684,Toyota,Corolla,2018,Gasolina,C0388
V00419,VXW8925,Audi,A3,2013,Diésel,C0389
V00420,NFJ2468,Renault,Clio,2015,Híbrido,C0390
V00421,MNY4114,Hyundai,i30,2013,Gasolina,C0390
V00422,MDY3290,Seat,León,2008,Eléctrico,C0391
V00423,KRX1359,Seat,León,2021,Gasolina,C0392
V00424,MVR6170,Hyundai,i30,2015,Híbrido,C0393
V00425,GPV8138,Renault,Clio,2019,Híbrido,C0394
V00426,RVK6933,Seat,León,2011,Diésel,C0394
V00427,LCK5304,Ford,Focus,2009,Diésel,C0395
V00428,TSM3604,Peugeot,208,2007,Diésel,C0395
V00429,BFD1752,Ford,Focus,2015,Híbrido,C0396
V00430,GHB3214,Renault,Laguna,2016,Diésel,C0397
V00431,LVF3368,Peugeot,208,2008,Eléctrico,C0397
V00432,CZW7973,Ford,Focus,2021,Gasolina,C0398
V00433,LYG8606,Toyota,Corolla,2018,Diésel,C0399
V00434,MBR1428,Audi,A3,2015,Diésel,C0400
V00435,NYH6389,Peugeot,208,2012,Eléctrico,C0401
V00436,MWS9095,Toyota,Corolla,2011,Híbrido,C0402
V00437,KHY9151,Toyota,Corolla,2011,Híbrido,C0403
V00438,STJ6623,Renault,Laguna,2014,Diésel,C0404
V00439,XKN3818,Volkswagen,Golf,2019,Gasolina,C0405
V00440,GHF5512,Audi,A3,2018,Gasolina,C0406
V00441,FFX5117,Peugeot,208,2012,Diésel,C0407
V00442,XRM7773,Seat,Ibiza,2008,Diésel,C0408
V00443,VBG2884,Ford,Focus,2023,Diésel,C0409
V00444,CSH4895,BMW,Serie 1,2017,Gasolina,C0410
V00445,DTJ4137,Volkswagen,Golf,2011,Híbrido,C0411
V00446,YXB9982,Audi,A3,2013,Diésel,C0411
V00447,TTF9725,Toyota,Corolla,2010,Eléctrico,C0412
V00448,ZFD3890,Renault,Laguna,2018,Eléctrico,C0413
V00449,MTF7039,Renault,Laguna,2018,Diésel,C0413
V00450,YGC6385,Hyundai,i30,2023,Eléctrico,C0414
V00451,FDK5458,Peugeot,208,2018,Gasolina,C0416
V00452,JJF6737,Peugeot,208,2013,Eléctrico,C0417
V00453,MLZ4058,Renault,Clio,2009,Diésel,C0418
V00454,NCN4699,Renault,Clio,2019,Eléctrico,C0419
V00455,ZBR2297,Renault,Laguna,2020,Híbrido,C0420
V00456,HTS4168,Ford,Focus,2012,Híbrido,C0421
V00457,SMN8793,Renault,Laguna,2024,Eléctrico,C0422
V00458,VSS3787,Renault,Clio,2020,Híbrido,C0422
V00459,LBC9661,Toyota,Corolla,2008,Gasolina,C0423
V00460,GDB1614,Volkswagen,Golf,2008,Gasolina,C0424
V00461,ZYF5349,Peugeot,208,2024,Gasolina,C0425
V00462,TTB7938,Seat,Ibiza,2012,Gasolina,C0426
V00463,RYX5933,Seat,Ibiza,2012,Híbrido,C0427
V00464,TPV8420,Renault,Laguna,2010,Eléctrico,C0427
V00465,LJW5102,Audi,A3,2016,Diésel,C0428
V00466,KMD2872,Ford,Focus,2008,Eléctrico,C0430
V00467,KDT5046,Kia,Ceed,2013,Eléctrico,C0431
V00468,MLN7633,Ford,Focus,2021,Eléctrico,C0432
V00469,BMC6938,Peugeot,208,2007,Eléctrico,C0433
V00470,TDJ6888,Seat,Ibiza,2006,Híbrido,C0434
V00471,PFW5817,Kia,Ceed,2022,Híbrido,C0435
V00472,HLL6026,Renault,Laguna,2017,Eléctrico,C0436
V00473,YGL3564,Seat,Ibiza,2006,Eléctrico,C0437
V00474,KWD7249,Ford,Focus,2009,Diésel,C0438
V00475,JRV8703,Ford,Focus,2011,Diésel,C0438
V00476,HWL8986,Peugeot,208,2007,Eléctrico,C0439
V00477,VTB8993,Renault,Clio,2025,Eléctrico,C0441
V00478,HJJ9604,Seat,Ibiza,2020,Eléctrico,C0441
V00479,TND6692,Kia,Ceed,2011,Híbrido,C0442
V00480,TCL4449,Ford,Focus,2025,Gasolina,C0443
V00481,TFY7695,Audi,A3,2014,Gasolina,C0444
V00482,YND1041,Hyundai,i30,2008,Eléctrico,C0444
V00483,DWT4483,Peugeot,208,2021,Diésel,C0445
V00484,SWC5914,Audi,A3,2010,Gasolina,C0445
V00485,TYG7838,Kia,Ceed,2007,Eléctrico,C0446
V00486,TGN5709,Audi,A3,2024,Híbrido,C0447
V00487,XHY3558,BMW,Serie 1,2018,Diésel,C0448
V00488,ZGC4166,Renault,Laguna,2023,Diésel,C0449
V00489,CPJ6136,Kia,Ceed,2015,Eléctrico,C0450
V00490,DPV7389,Volkswagen,Golf,2023,Diésel,C0451
V00491,ZVD8139,Toyota,Corolla,2018,Gasolina,C0452
V00492,TLC3123,BMW,Serie 1,2006,Híbrido,C0453
V00493,TVT4545,Toyota,Corolla,2008,Gasolina,C0454
V00494,JNC7038,Peugeot,208,2020,Diésel,C0455
V00495,JTV9341,Hyundai,i30,2011,Híbrido,C0456
V00496,CNS6577,Ford,Focus,2009,Diésel,C0456
V00497,ZNS2774,BMW,Serie 1,2019,Diésel,C0457
V00498,CKN9241,Ford,Focus,2022,Híbrido,C0458
V00499,ZGB5391,Renault,Laguna,2022,Eléctrico,C0458
V00500,KCW4708,Toyota,Corolla,2017,Gasolina,C0459
V00501,TBP4578,Renault,Laguna,2019,Gasolina,C0460
V00502,ZBG5181,Seat,León,2024,Eléctrico,C0461
V00503,XYK3123,Kia,Ceed,2020,Eléctrico,C0462
V00504,YJX6672,Toyota,Corolla,2007,Gasolina,C0463
V00505,MFW5321,Volkswagen,Golf,2019,Gasolina,C0464
V00506,MFP5086,Seat,Ibiza,2024,Diésel,C0465
V00507,YBF6665,BMW,Serie 1,2009,Gasolina,C0466
V00508,ZJZ2475,Renault,Laguna,2013,Eléctrico,C0467
V00509,ZWS4271,Seat,Ibiza,2024,Eléctrico,C0467
V00510,LHV8738,Hyundai,i30,2010,Eléctrico,C0468
V00511,TTS1673,Hyundai,i30,2022,Eléctrico,C0468
V00512,VJG7783,Volkswagen,Golf,2006,Diésel,C0469
V00513,YHB7915,BMW,Serie 1,2021,Diésel,C0470
V00514,TYY5836,Ford,Focus,2025,Eléctrico,C0471
V00515,WNW5303,Hyundai,i30,2006,Diésel,C0473
V00516,MBL8088,Peugeot,208,2014,Diésel,C0473
V00517,BMH7232,Kia,Ceed,2016,Eléctrico,C0475
V00518,XLV1301,Seat,Ibiza,2025,Eléctrico,C0476
V00519,LCH9495,Kia,Ceed,2006,Híbrido,C0477
V00520,MHH7290,Toyota,Corolla,2025,Gasolina,C0478
V00521,DGT4370,Toyota,Corolla,2023,Gasolina,C0479
V00522,PCF1772,Renault,Clio,2017,Eléctrico,C0480
V00523,TXC2115,Renault,Clio,2013,Gasolina,C0481
V00524,CYW1878,Peugeot,208,2019,Gasolina,C0481
V00525,RXD8146,Seat,Ibiza,2008,Diésel,C0482
V00526,SRG3811,Seat,Ibiza,2009,Eléctrico,C0483
V00527,DJX4259,Audi,A3,2017,Diésel,C0484
V00528,VRK6457,Audi,A3,2024,Eléctrico,C0485
V00529,TWT7356,Seat,León,2006,Híbrido,C0486
V00530,RKC7379,Seat,León,2018,Diésel,C0487
V00531,WFR2440,Volkswagen,Golf,2008,Diésel,C0488
V00532,PDP3905,Toyota,Corolla,2008,Híbrido,C0488
V00533,VGJ6234,Audi,A3,2021,Diésel,C0489
V00534,NLF8584,Audi,A3,2017,Gasolina,C0490
V00535,HTT3911,Audi,A3,2011,Gasolina,C0491
V00536,SYT1191,Peugeot,208,2017,Eléctrico,C0491
V00537,FNP3233,Hyundai,i30,2008,Híbrido,C0492
V00538,ZCW6378,Ford,Focus,2018,Diésel,C0492
V00539,GRM8491,Renault,Clio,2016,Eléctrico,C0493
V00540,RFG5089,Ford,Focus,2015,Híbrido,C0493
V00541,XVB9028,Seat,Ibiza,2011,Diésel,C0494
V00542,PVS9736,Ford,Focus,2006,Eléctrico,C0495
V00543,ZVB8086,Audi,A3,2023,Híbrido,C0498
V00544,FSP8077,Renault,Clio,2018,Eléctrico,C0499
V00545,YPJ1667,Renault,Laguna,2021,Híbrido,C0500
V00546,NKV2847,Volkswagen,Golf,2009,Diésel,C0501
V00547,MPJ3986,Seat,León,2011,Híbrido,C0502
V00548,XVM9145,BMW,Serie 1,2025,Híbrido,C0502
V00549,NLL2913,Peugeot,208,2006,Gasolina,C0503
V00550,SLG4231,Audi,A3,2007,Gasolina,C0504
V00551,YJK5634,Volkswagen,Golf,2012,Eléctrico,C0504
V00552,FTY3957,Seat,León,2010,Gasolina,C0506
V00553,ZPX3807,BMW,Serie 1,2023,Híbrido,C0506
V00554,PHY3573,Toyota,Corolla,2019,Gasolina,C0507
V00555,GHW5333,Seat,Ibiza,2017,Eléctrico,C0508
V00556,BML3182,BMW,Serie 1,2012,Híbrido,C0508
V00557,DLX6092,Volkswagen,Golf,2014,Eléctrico,C0509
V00558,MLP9205,Renault,Laguna,2013,Gasolina,C0510
V00559,PNG8842,Audi,A3,2017,Eléctrico,C0511
V00560,RHF8728,BMW,Serie 1,2009,Híbrido,C0511
V00561,YZP7105,Seat,León,2009,Diésel,C0512
V00562,LMP9923,Seat,Ibiza,2007,Gasolina,C0512
V00563,PHP7059,Seat,León,2022,Gasolina,C0513
V00564,SKJ9785,Renault,Clio,2021,Híbrido,C0514
V00565,KCB1251,Volkswagen,Golf,2020,Híbrido,C0515
V00566,KBP1252,Renault,Clio,2017,Híbrido,C0516
V00567,CBR2633,Seat,Ibiza,2008,Gasolina,C0517
V00568,MWW3322,Volkswagen,Golf,2025,Gasolina,C0517
V00569,JSR1328,Volkswagen,Golf,2021,Gasolina,C0518
V00570,DKG6438,Audi,A3,2012,Diésel,C0519
V00571,FTW2360,Seat,León,2021,Gasolina,C0520
V00572,GGD9369,Ford,Focus,2014,Eléctrico,C0521
V00573,YSK1669,Hyundai,i30,2016,Gasolina,C0522
V00574,ZTW9064,Seat,Ibiza,2015,Diésel,C0523
V00575,HCS2761,Audi,A3,2015,Híbrido,C0523
V00576,HRF3233,Seat,León,2022,Gasolina,C0525
V00577,YWK4765,Seat,Ibiza,2019,Híbrido,C0526
V00578,THV1002,Peugeot,208,2013,Diésel,C0527
V00579,FLF2786,Hyundai,i30,2014,Gasolina,C0528
V00580,HBV8888,Audi,A3,2008,Gasolina,C0528
V00581,WKZ2509,Renault,Clio,2018,Diésel,C0529
V00582,XXG7286,BMW,Serie 1,2021,Gasolina,C0530
V00583,KND1785,Hyundai,i30,2017,Híbrido,C0532
V00584,LPT6992,Toyota,Corolla,2011,Híbrido,C0532
V00585,XFB2454,Renault,Laguna,2023,Híbrido,C0533
V00586,LRD3580,Toyota,Corolla,2008,Diésel,C0534
V00587,PFY5865,Volkswagen,Golf,2011,Eléctrico,C0535
V00588,JPC7349,Renault,Clio,2021,Híbrido,C0536
V00589,VHV4104,Seat,Ibiza,2007,Eléctrico,C0537
V00590,CJL9753,Seat,Ibiza,2016,Gasolina,C0538
V00591,SCM1663,Seat,Ibiza,2019,Eléctrico,C0539
V00592,GXL2634,BMW,Serie 1,2023,Eléctrico,C0541
V00593,LKG5599,Hyundai,i30,2025,Híbrido,C0542
V00594,MWC1000,Renault,Laguna,2015,Diésel,C0542
V00595,BZS8580,Volkswagen,Golf,2012,Diésel,C0543
V00596,CJD2217,Volkswagen,Golf,2019,Diésel,C0544
V00597,YGZ8925,Peugeot,208,2009,Eléctrico,C0545
V00598,GDB1209,Seat,Ibiza,2011,Gasolina,C0545
V00599,YCB5727,BMW,Serie 1,2020,Híbrido,C0546
V00600,CXN7828,Toyota,Corolla,2007,Híbrido,C0547
V00601,KXZ7336,Renault,Clio,2014,Híbrido,C0548
V00602,WVX3065,Seat,Ibiza,2010,Eléctrico,C0548
V00603,XHY7345,Audi,A3,2018,Gasolina,C0549
V00604,NKG7120,Ford,Focus,2023,Diésel,C0550
V00605,ZHG6691,Ford,Focus,2013,Gasolina,C0551
V00606,SWF6210,Hyundai,i30,2015,Híbrido,C0552
V00607,JSX9771,Seat,León,2006,Diésel,C0553
V00608,BMC6338,Kia,Ceed,2024,Híbrido,C0555
V00609,HBT7956,Audi,A3,2014,Híbrido,C0556
V00610,RRT1158,Kia,Ceed,2015,Gasolina,C0556
V00611,KYP6274,Seat,León,2011,Eléctrico,C0557
V00612,CTJ1656,Hyundai,i30,2024,Eléctrico,C0558
V00613,RCR3447,Kia,Ceed,2006,Diésel,C0559
V00614,RHB3429,Renault,Laguna,2021,Híbrido,C0560
V00615,LRY9014,Seat,Ibiza,2009,Eléctrico,C0560
V00616,DPY2578,Renault,Laguna,2007,Diésel,C0561
V00617,VML9685,BMW,Serie 1,2016,Híbrido,C0562
V00618,JWR3807,Seat,León,2024,Diésel,C0563
V00619,HYR2692,BMW,Serie 1,2020,Diésel,C0564
V00620,WWD3254,Renault,Clio,2014,Diésel,C0565
V00621,GHP9124,Peugeot,208,2006,Híbrido,C0565
V00622,ZVF1559,Ford,Focus,2017,Eléctrico,C0567
V00623,NTH8466,Seat,Ibiza,2018,Híbrido,C0568
V00624,RBN1944,Renault,Clio,2006,Eléctrico,C0568
V00625,NHW8113,Renault,Clio,2011,Diésel,C0569
V00626,HJB1324,Peugeot,208,2017,Eléctrico,C0570
V00627,CDR6947,Renault,Clio,2016,Híbrido,C0571
V00628,VSM9537,Peugeot,208,2012,Diésel,C0572
V00629,RSK1690,Toyota,Corolla,2006,Eléctrico,C0573
V00630,SZR4072,Renault,Laguna,2010,Diésel,C0574
V00631,WZH7114,Kia,Ceed,2009,Eléctrico,C0575
V00632,ZWX7435,Audi,A3,2021,Diésel,C0576
V00633,JYZ9830,Renault,Clio,2025,Híbrido,C0577
V00634,XHB8451,Peugeot,208,2008,Híbrido,C0578
V00635,CLF5353,Seat,Ibiza,2020,Eléctrico,C0578
V00636,JBL3755,Ford,Focus,2006,Híbrido,C0579
V00637,WZV2266,Ford,Focus,2021,Diésel,C0580
V00638,FTB6302,Seat,León,2022,Eléctrico,C0580
V00639,JDH4748,Audi,A3,2020,Gasolina,C0581
V00640,PLP9039,Hyundai,i30,2014,Gasolina,C0582
V00641,LFK2546,Seat,León,2022,Eléctrico,C0582
V00642,SRX3821,Kia,Ceed,2015,Diésel,C0583
V00643,YPT2995,Hyundai,i30,2016,Eléctrico,C0584
V00644,WMD9992,Ford,Focus,2006,Gasolina,C0585
V00645,HCS3458,BMW,Serie 1,2024,Híbrido,C0585
V00646,XDB9800,BMW,Serie 1,2025,Gasolina,C0586
V00647,HNC1627,Renault,Laguna,2018,Híbrido,C0587
V00648,XJZ3010,Audi,A3,2007,Híbrido,C0588
V00649,FJW7817,Toyota,Corolla,2021,Diésel,C0590
V00650,JSZ5932,Hyundai,i30,2016,Gasolina,C0591
V00651,WWX8594,Volkswagen,Golf,2007,Diésel,C0591
V00652,YKY3003,Peugeot,208,2025,Gasolina,C0592
V00653,HZR7998,Peugeot,208,2011,Híbrido,C0593
V00654,WTV1124,Toyota,Corolla,2007,Diésel,C0594
V00655,KRR4619,Volkswagen,Golf,2010,Gasolina,C0595
V00656,TBF8857,Renault,Clio,2015,Diésel,C0596
V00657,CZP7438,Kia,Ceed,2018,Eléctrico,C0596
V00658,JLP6802,BMW,Serie 1,2013,Gasolina,C0597
V00659,YTJ8376,Seat,León,2010,Gasolina,C0598
V00660,YRJ7538,Ford,Focus,2007,Diésel,C0599
V00661,YJR9857,Volkswagen,Golf,2012,Eléctrico,C0600
V00662,NFH7679,BMW,Serie 1,2006,Eléctrico,C0601
V00663,RRN2810,Toyota,Corolla,2015,Diésel,C0602
V00664,ZJM2934,Ford,Focus,2011,Diésel,C0603
V00665,PNZ6768,Audi,A3,2018,Diésel,C0604
V00666,ZCS8265,Peugeot,208,2019,Híbrido,C0605
V00667,PHN7260,Peugeot,208,2010,Gasolina,C0606
V00668,CDY5010,BMW,Serie 1,2021,Eléctrico,C0607
V00669,DCG9893,Kia,Ceed,2017,Diésel,C0608
V00670,DTX4096,Hyundai,i30,2009,Híbrido,C0611
V00671,CFG6052,Peugeot,208,2010,Diésel,C0611
V00672,WPJ7803,Toyota,Corolla,2017,Gasolina,C0612
V00673,HGG2203,Renault,Laguna,2010,Gasolina,C0613
V00674,NCM3110,Ford,Focus,2017,Eléctrico,C0614
V00675,HVZ2511,Hyundai,i30,2017,Eléctrico,C0614
V00676,BZC5067,Renault,Clio,2008,Eléctrico,C0615
V00677,BNB4295,Peugeot,208,2012,Diésel,C0616
V00678,RRT2134,Toyota,Corolla,2018,Híbrido,C0617
V00679,VWX5447,Ford,Focus,2023,Eléctrico,C0617
V00680,FDN5820,Renault,Clio,2023,Eléctrico,C0618
V00681,ZKZ6682,Seat,León,2021,Eléctrico,C0619
V00682,PNS5738,Renault,Clio,2018,Gasolina,C0620
V00683,CSP6645,Peugeot,208,2021,Eléctrico,C0621
V00684,JBN3838,Kia,Ceed,2018,Híbrido,C0622
V00685,NKC6484,Renault,Clio,2018,Eléctrico,C0623
V00686,YLN4467,Peugeot,208,2015,Eléctrico,C0623
V00687,WRD1382,Ford,Focus,2015,Gasolina,C0624
V00688,KZV3770,Renault,Laguna,2011,Gasolina,C0625
V00689,LBF9137,Seat,León,2010,Gasolina,C0626
V00690,SMY8515,Volkswagen,Golf,2025,Gasolina,C0627
V00691,BZD4697,Seat,León,2020,Híbrido,C0628
V00692,XBN5950,Toyota,Corolla,2015,Gasolina,C0629
V00693,MFR3698,Hyundai,i30,2013,Gasolina,C0630
V00694,CWN7330,Kia,Ceed,2008,Gasolina,C0630
V00695,WNY2151,Peugeot,208,2007,Diésel,C0631
V00696,HCP6750,Volkswagen,Golf,2014,Eléctrico,C0632
V00697,ZZY6501,Volkswagen,Golf,2014,Gasolina,C0633
V00698,CJD4905,Seat,León,2024,Gasolina,C0634
V00699,RTC5598,Renault,Laguna,2025,Gasolina,C0635
V00700,HWK4560,Peugeot,208,2016,Diésel,C0636
V00701,KSG6908,Renault,Laguna,2020,Híbrido,C0637
V00702,ZMP6927,BMW,Serie 1,2012,Eléctrico,C0638
V00703,SSD3977,Seat,León,2024,Híbrido,C0639
V00704,TZN8903,Audi,A3,2011,Diésel,C0640
V00705,VHG6763,Volkswagen,Golf,2024,Gasolina,C0641
V00706,JNT5583,Peugeot,208,2010,Híbrido,C0642
V00707,NHM7713,Seat,León,2006,Híbrido,C0643
V00708,GHB5961,BMW,Serie 1,2018,Eléctrico,C0644
V00709,SPY8396,Hyundai,i30,2009,Diésel,C0646
V00710,ZTM9359,Hyundai,i30,2008,Gasolina,C0647
V00711,PLD6779,Ford,Focus,2016,Gasolina,C0648
V00712,HXF4947,Audi,A3,2021,Gasolina,C0648
V00713,VKT7287,Renault,Laguna,2015,Eléctrico,C0649
V00714,JYC4471,Audi,A3,2021,Híbrido,C0650
V00715,MGG6034,Seat,León,2015,Gasolina,C0651
V00716,KSM4504,Renault,Laguna,2016,Diésel,C0652
V00717,DMJ5601,Hyundai,i30,2018,Eléctrico,C0653
V00718,JLV2435,Hyundai,i30,2014,Gasolina,C0654
V00719,RFT6018,Seat,León,2015,Gasolina,C0655
V00720,DCX3469,Seat,Ibiza,2025,Eléctrico,C0657
V00721,MDB1677,Peugeot,208,2010,Gasolina,C0658
V00722,CYV2964,Hyundai,i30,2006,Híbrido,C0659
V00723,CSF1061,Renault,Clio,2012,Diésel,C0660
V00724,YHY9847,BMW,Serie 1,2021,Híbrido,C0661
V00725,PDM7223,Peugeot,208,2014,Híbrido,C0662
V00726,DRB4121,Peugeot,208,2024,Eléctrico,C0663
V00727,ZMK9105,Audi,A3,2011,Gasolina,C0664
V00728,SXL6071,Renault,Laguna,2010,Gasolina,C0665
V00729,TCV2489,Hyundai,i30,2012,Híbrido,C0666
V00730,XZT1128,Ford,Focus,2020,Eléctrico,C0667
V00731,NGL5904,Volkswagen,Golf,2009,Diésel,C0668
V00732,XHP9202,Seat,Ibiza,2014,Diésel,C0669
V00733,GSM9186,Seat,Ibiza,2006,Eléctrico,C0670
V00734,SFC7612,Volkswagen,Golf,2024,Eléctrico,C0671
V00735,YVR6866,Peugeot,208,2009,Híbrido,C0671
V00736,ZVK2463,Volkswagen,Golf,2025,Híbrido,C0672
V00737,PYX2336,Renault,Clio,2025,Híbrido,C0673
V00738,LVP4555,Hyundai,i30,2015,Diésel,C0674
V00739,HTD7621,Audi,A3,2016,Eléctrico,C0675
V00740,YST3918,Renault,Laguna,2023,Gasolina,C0675
V00741,JRJ5716,Hyundai,i30,2019,Eléctrico,C0676
V00742,SXC5860,BMW,Serie 1,2021,Gasolina,C0677
V00743,PXK9402,Toyota,Corolla,2016,Híbrido,C0677
V00744,NCK9408,Seat,León,2021,Híbrido,C0678
V00745,WTK9676,Hyundai,i30,2023,Híbrido,C0678
V00746,PSR6318,Toyota,Corolla,2023,Diésel,C0679
V00747,NCV8341,Hyundai,i30,2016,Eléctrico,C0681
V00748,TXW4087,Peugeot,208,2007,Eléctrico,C0682
V00749,TCT9686,BMW,Serie 1,2008,Híbrido,C0682
V00750,BWW7170,Renault,Laguna,2024,Eléctrico,C0683
V00751,YSK1050,Peugeot,208,2014,Gasolina,C0684
V00752,XNZ9819,BMW,Serie 1,2023,Gasolina,C0685
V00753,CFD1272,Renault,Laguna,2006,Gasolina,C0687
V00754,RWC3021,Volkswagen,Golf,2015,Diésel,C0688
V00755,FBK7195,Kia,Ceed,2009,Diésel,C0689
V00756,TWG4841,Renault,Laguna,2015,Eléctrico,C0690
V00757,HKH2672,Volkswagen,Golf,2025,Híbrido,C0691
V00758,GYF7748,Renault,Clio,2011,Gasolina,C0692
V00759,XLT1546,Seat,León,2023,Gasolina,C0693
V00760,VLZ1818,Audi,A3,2017,Híbrido,C0694
V00761,BTZ7298,Hyundai,i30,2024,Gasolina,C0695
V00762,DHR8482,Audi,A3,2009,Híbrido,C0696
V00763,SSD1859,Seat,León,2015,Híbrido,C0697
V00764,VKG7484,Seat,Ibiza,2025,Gasolina,C0698
V00765,FDH1582,Peugeot,208,2006,Híbrido,C0698
V00766,LYN6521,Renault,Clio,2009,Diésel,C0699
V00767,GKT7144,Seat,León,2009,Gasolina,C0700
V00768,NBC7778,Ford,Focus,2007,Eléctrico,C0701
V00769,BWM6495,Kia,Ceed,2008,Eléctrico,C0702
V00770,GCY7644,Renault,Clio,2021,Diésel,C0703
V00771,VKM6554,Hyundai,i30,2015,Gasolina,C0703
V00772,CZS8313,Renault,Laguna,2012,Diésel,C0705
V00773,GBJ3602,Audi,A3,2011,Diésel,C0705
V00774,CRP9651,Renault,Clio,2020,Gasolina,C0706
V00775,HYF9333,Seat,Ibiza,2006,Gasolina,C0707
V00776,DPB7498,Seat,León,2023,Gasolina,C0708
V00777,DDD4336,Renault,Laguna,2015,Gasolina,C0708
V00778,VNX1365,Volkswagen,Golf,2025,Eléctrico,C0709
V00779,SVN2627,Volkswagen,Golf,2009,Eléctrico,C0709
V00780,WBP7065,Volkswagen,Golf,2008,Eléctrico,C0710
V00781,HBP7739,Peugeot,208,2008,Eléctrico,C0711
V00782,MMH9347,Kia,Ceed,2010,Híbrido,C0712
V00783,RLL1464,Ford,Focus,2019,Diésel,C0713
V00784,NJL6025,Hyundai,i30,2020,Gasolina,C0714
V00785,THJ9228,BMW,Serie 1,2007,Eléctrico,C0714
V00786,TZR4284,BMW,Serie 1,2018,Eléctrico,C0715
V00787,TBN9821,Hyundai,i30,2016,Híbrido,C0715
V00788,DMK2078,Audi,A3,2006,Gasolina,C0716
V00789,DKW4328,Ford,Focus,2009,Eléctrico,C0717
V00790,YDL7662,Ford,Focus,2024,Híbrido,C0718
V00791,LYD8809,Renault,Laguna,2023,Eléctrico,C0719
V00792,FFD7088,Peugeot,208,2016,Diésel,C0720
V00793,MYS2761,Kia,Ceed,2008,Gasolina,C0720
V00794,PMW1662,Kia,Ceed,2006,Diésel,C0721
V00795,GMZ6827,Ford,Focus,2019,Eléctrico,C0722
V00796,SVN2386,Kia,Ceed,2012,Diésel,C0722
V00797,SDW7118,Audi,A3,2011,Gasolina,C0724
V00798,HDD2311,Renault,Clio,2010,Eléctrico,C0725
V00799,BGF2356,BMW,Serie 1,2008,Híbrido,C0726
V00800,DFY8702,Hyundai,i30,2015,Eléctrico,C0727
V00801,LVD4209,Seat,León,2006,Gasolina,C0728
V00802,THR6203,Toyota,Corolla,2006,Eléctrico,C0729
V00803,BGD7806,Volkswagen,Golf,2019,Gasolina,C0730
V00804,TJN1785,Renault,Laguna,2016,Híbrido,C0731
V00805,NSK2556,Audi,A3,2025,Gasolina,C0732
V00806,MKV8561,Seat,Ibiza,2015,Diésel,C0733
V00807,LVW6457,Ford,Focus,2021,Híbrido,C0734
V00808,VCD6363,Audi,A3,2009,Diésel,C0735
V00809,WSF4567,Hyundai,i30,2015,Híbrido,C0736
V00810,SRX2217,Peugeot,208,2008,Eléctrico,C0737
V00811,DNK7544,Hyundai,i30,2025,Híbrido,C0738
V00812,TJC5392,Audi,A3,2021,Eléctrico,C0739
V00813,MKP4308,Hyundai,i30,2014,Diésel,C0740
V00814,YKJ2513,Hyundai,i30,2010,Diésel,C0741
V00815,FZK3861,Ford,Focus,2024,Diésel,C0742
V00816,PNS7057,Peugeot,208,2012,Eléctrico,C0743
V00817,TYB6612,Hyundai,i30,2021,Híbrido,C0744
V00818,CZR4180,Peugeot,208,2013,Híbrido,C0745
V00819,VWV9213,Kia,Ceed,2013,Diésel,C0746
V00820,TVL8645,Hyundai,i30,2010,Híbrido,C0747
V00821,JYW3022,Seat,León,2011,Diésel,C0747
V00822,KRL3447,Volkswagen,Golf,2018,Gasolina,C0748
V00823,RFN7344,Toyota,Corolla,2016,Eléctrico,C0749
V00824,KRB5455,Peugeot,208,2013,Híbrido,C0750
V00825,DLM7979,Peugeot,208,2019,Híbrido,C0751
V00826,MZK8687,Toyota,Corolla,2010,Diésel,C0752
V00827,FNH1874,Toyota,Corolla,2009,Eléctrico,C0754
V00828,BJD7369,BMW,Serie 1,2010,Gasolina,C0755
V00829,SDP4649,Seat,León,2008,Gasolina,C0756
V00830,GGG5986,Seat,León,2009,Gasolina,C0757
V00831,WZH2232,Peugeot,208,2012,Gasolina,C0757
V00832,MGK2211,Peugeot,208,2019,Híbrido,C0758
V00833,NBZ4419,Renault,Clio,2013,Híbrido,C0759
V00834,STC2364,Volkswagen,Golf,2025,Eléctrico,C0760
V00835,HWL9064,Ford,Focus,2016,Diésel,C0761
V00836,ZKW5371,Renault,Clio,2015,Híbrido,C0762
V00837,TVX2205,Renault,Laguna,2012,Eléctrico,C0763
V00838,XMK5169,Renault,Clio,2017,Gasolina,C0764
V00839,ZSL6213,Audi,A3,2015,Eléctrico,C0765
V00840,CPT4757,Seat,Ibiza,2014,Híbrido,C0766
V00841,YFZ7641,Renault,Laguna,2006,Híbrido,C0767
V00842,TJT1426,Hyundai,i30,2006,Eléctrico,C0768
V00843,SRW6311,Seat,León,2012,Eléctrico,C0769
V00844,JTV5331,Kia,Ceed,2018,Híbrido,C0771
V00845,KLR9594,Renault,Laguna,2014,Gasolina,C0771
V00846,FGN6676,Volkswagen,Golf,2009,Gasolina,C0772
V00847,YGH3498,Renault,Clio,2006,Diésel,C0773
V00848,KHY5121,Seat,León,2016,Híbrido,C0774
V00849,SMT4883,Kia,Ceed,2012,Diésel,C0776
V00850,YCZ8282,Hyundai,i30,2009,Gasolina,C0777
V00851,XTN4536,Toyota,Corolla,2016,Gasolina,C0778
V00852,SRY1749,Audi,A3,2023,Híbrido,C0779
V00853,HRW3204,Seat,Ibiza,2009,Eléctrico,C0780
V00854,JGC1215,Seat,Ibiza,2010,Eléctrico,C0781
V00855,WPH6560,Seat,Ibiza,2023,Híbrido,C0781
V00856,SRK5987,Renault,Laguna,2023,Eléctrico,C0782
V00857,NGL5048,Hyundai,i30,2013,Diésel,C0783
V00858,JGM4812,Renault,Laguna,2021,Híbrido,C0784
V00859,YCG5087,Seat,Ibiza,2020,Diésel,C0785
V00860,NDX3423,Peugeot,208,2007,Eléctrico,C0786
V00861,LTW6662,Kia,Ceed,2018,Diésel,C0787
V00862,MKJ9029,Peugeot,208,2023,Híbrido,C0788
V00863,BDV3516,Kia,Ceed,2009,Gasolina,C0789
V00864,JPS4575,Ford,Focus,2021,Híbrido,C0790
V00865,WDP1493,Kia,Ceed,2008,Diésel,C0792
V00866,BBW1710,Seat,León,2020,Eléctrico,C0793
V00867,ZFP1125,Toyota,Corolla,2025,Gasolina,C0794
V00868,RYC8274,Audi,A3,2024,Híbrido,C0794
V00869,ZXW5055,Seat,Ibiza,2012,Gasolina,C0795
V00870,YYG8286,Renault,Laguna,2012,Diésel,C0796
V00871,XSN2670,Seat,León,2008,Diésel,C0796
V00872,WPG9437,Seat,León,2008,Gasolina,C0797
V00873,JYZ9408,Audi,A3,2015,Diésel,C0797
V00874,ZKM1038,Ford,Focus,2014,Diésel,C0798
V00875,TDV6724,Audi,A3,2011,Gasolina,C0799
V00876,RNM8959,Renault,Laguna,2023,Eléctrico,C0799
V00877,BNM6371,Kia,Ceed,2023,Gasolina,C0800
V00878,TNK2759,Toyota,Corolla,2006,Híbrido,C0802
V00879,PKN4074,Hyundai,i30,2006,Diésel,C0803
V00880,VPM8313,Audi,A3,2007,Diésel,C0804
V00881,YBR1822,Hyundai,i30,2023,Eléctrico,C0804
V00882,YHZ7500,Seat,León,2021,Diésel,C0805
V00883,GVF8406,BMW,Serie 1,2008,Eléctrico,C0806
V00884,PXV9154,Peugeot,208,2007,Diésel,C0806
V00885,LZF6084,Seat,León,2022,Gasolina,C0808
V00886,XXX1134,Peugeot,208,2018,Eléctrico,C0809
V00887,RYM5860,Hyundai,i30,2011,Diésel,C0810
V00888,RXN9424,Audi,A3,2014,Gasolina,C0810
V00889,KZT4680,Seat,León,2010,Híbrido,C0811
V00890,TZH2040,Hyundai,i30,2019,Eléctrico,C0811
V00891,VGF8123,Renault,Clio,2019,Eléctrico,C0813
V00892,CFM6556,Seat,León,2020,Diésel,C0814
V00893,TBR7029,Seat,Ibiza,2019,Diésel,C0815
V00894,RWR3641,Ford,Focus,2009,Eléctrico,C0815
V00895,GXS7730,Volkswagen,Golf,2020,Gasolina,C0818
V00896,BZZ3781,Audi,A3,2025,Híbrido,C0819
V00897,WWC2955,Hyundai,i30,2016,Gasolina,C0819
V00898,CHV1605,Toyota,Corolla,2008,Híbrido,C0820
V00899,LXJ6813,Volkswagen,Golf,2017,Híbrido,C0820
V00900,BJF3224,Volkswagen,Golf,2020,Diésel,C0821
V00901,GZG4153,Toyota,Corolla,2016,Híbrido,C0822
V00902,JTL4701,Seat,Ibiza,2014,Híbrido,C0824
V00903,JDT2424,BMW,Serie 1,2013,Híbrido,C0825
V00904,DZP3905,Hyundai,i30,2020,Híbrido,C0826
V00905,CXJ6718,Audi,A3,2024,Eléctrico,C0827
V00906,WJN8388,Hyundai,i30,2020,Diésel,C0827
V00907,LMC2398,Seat,León,2012,Híbrido,C0828
V00908,GLB7467,Seat,León,2014,Híbrido,C0829
V00909,XJZ2389,Volkswagen,Golf,2013,Gasolina,C0830
V00910,KRH9128,Peugeot,208,2010,Gasolina,C0831
V00911,HRK8462,Ford,Focus,2016,Eléctrico,C0832
V00912,PRX4579,Volkswagen,Golf,2017,Gasolina,C0833
V00913,RDN1414,Renault,Laguna,2009,Híbrido,C0834
V00914,LVF2298,Kia,Ceed,2023,Gasolina,C0834
V00915,SDM5725,Volkswagen,Golf,2014,Diésel,C0835
V00916,KXN3475,Seat,León,2018,Eléctrico,C0835
V00917,YGP2280,Volkswagen,Golf,2013,Eléctrico,C0836
V00918,GLK9447,Seat,Ibiza,2010,Gasolina,C0837
V00919,SDP4989,Kia,Ceed,2015,Híbrido,C0838
V00920,STK2342,Audi,A3,2009,Eléctrico,C0839
V00921,XMD5281,Renault,Laguna,2008,Diésel,C0840
V00922,LMD6599,Seat,Ibiza,2017,Eléctrico,C0841
V00923,JVR6813,Kia,Ceed,2020,Gasolina,C0841
V00924,HPC8499,Hyundai,i30,2014,Diésel,C0842
V00925,KBX9550,Seat,León,2009,Diésel,C0844
V00926,SLF2586,Audi,A3,2021,Diésel,C0844
V00927,FDM3065,Seat,León,2012,Eléctrico,C0845
V00928,VBX1171,Volkswagen,Golf,2011,Híbrido,C0846
V00929,YCW5019,Peugeot,208,2018,Gasolina,C0847
V00930,CVS8087,Hyundai,i30,2007,Eléctrico,C0848
V00931,JBK9203,Hyundai,i30,2008,Diésel,C0849
V00932,JXD9969,Hyundai,i30,2013,Diésel,C0850
V00933,SBY6452,Audi,A3,2020,Gasolina,C0851
V00934,JBZ6708,Audi,A3,2006,Gasolina,C0852
V00935,NDK3204,BMW,Serie 1,2024,Eléctrico,C0853
V00936,WGZ9148,Renault,Clio,2010,Eléctrico,C0854
V00937,KXG1155,Peugeot,208,2015,Diésel,C0855
V00938,MCM1772,BMW,Serie 1,2021,Diésel,C0855
V00939,VBK4667,Renault,Laguna,2018,Diésel,C0856
V00940,ZYL1422,Toyota,Corolla,2017,Eléctrico,C0857
V00941,XVH6964,BMW,Serie 1,2007,Eléctrico,C0858
V00942,MXY6500,Renault,Clio,2024,Eléctrico,C0859
V00943,PBM3727,Peugeot,208,2017,Híbrido,C0860
V00944,KZK7617,Seat,Ibiza,2011,Diésel,C0861
V00945,FTP8520,Seat,Ibiza,2015,Híbrido,C0861
V00946,JJL7142,Peugeot,208,2021,Híbrido,C0862
V00947,XTH5327,Kia,Ceed,2020,Diésel,C0863
V00948,KTF4554,Toyota,Corolla,2018,Eléctrico,C0864
V00949,TJL4292,BMW,Serie 1,2023,Diésel,C0865
V00950,HDL8630,Renault,Clio,2019,Eléctrico,C0866
V00951,FVH3022,Renault,Laguna,2021,Gasolina,C0867
V00952,SSL7789,Renault,Laguna,2010,Eléctrico,C0868
V00953,DZN7062,Kia,Ceed,2023,Gasolina,C0868
V00954,LPW5631,Volkswagen,Golf,2010,Eléctrico,C0869
V00955,LMJ5792,Peugeot,208,2015,Eléctrico,C0870
V00956,MCJ9510,BMW,Serie 1,2024,Diésel,C0870
V00957,KWS5497,Hyundai,i30,2011,Diésel,C0871
V00958,XZD1132,Seat,Ibiza,2009,Híbrido,C0872
V00959,MBN2606,Toyota,Corolla,2008,Eléctrico,C0874
V00960,VGT1026,Renault,Laguna,2006,Eléctrico,C0875
V00961,CDJ9659,Kia,Ceed,2008,Híbrido,C0876
V00962,SKH9104,Renault,Laguna,2016,Eléctrico,C0877
V00963,WML1866,Renault,Laguna,2012,Eléctrico,C0878
V00964,SDN9980,Renault,Clio,2007,Eléctrico,C0879
V00965,BKF8091,Seat,León,2012,Híbrido,C0880
V00966,CVK1568,Renault,Clio,2011,Gasolina,C0881
V00967,VJB4140,Seat,León,2025,Diésel,C0882
V00968,TXD2847,Volkswagen,Golf,2021,Diésel,C0883
V00969,CFS7685,Peugeot,208,2017,Gasolina,C0884
V00970,TXH3661,Ford,Focus,2018,Eléctrico,C0884
V00971,KKT2948,Volkswagen,Golf,2021,Híbrido,C0886
V00972,WTZ9357,Renault,Clio,2018,Diésel,C0887
V00973,MTW6142,Renault,Laguna,2015,Gasolina,C0887
V00974,BWC8915,Renault,Laguna,2012,Diésel,C0888
V00975,LDD1851,Seat,Ibiza,2015,Diésel,C0889
V00976,NCK5959,Kia,Ceed,2012,Híbrido,C0889
V00977,BGF4595,Peugeot,208,2009,Diésel,C0890
V00978,KHR7961,Peugeot,208,2012,Gasolina,C0892
V00979,TDP7163,Kia,Ceed,2014,Eléctrico,C0892
V00980,KDZ5527,Peugeot,208,2011,Híbrido,C0893
V00981,DCJ8866,BMW,Serie 1,2017,Eléctrico,C0894
V00982,HKF6983,Peugeot,208,2010,Híbrido,C0895
V00983,BVV3827,BMW,Serie 1,2013,Eléctrico,C0896
V00984,STY5498,BMW,Serie 1,2021,Gasolina,C0897
V00985,LJC8110,Renault,Laguna,2016,Híbrido,C0898
V00986,HND2021,Seat,León,2011,Híbrido,C0899
V00987,FLW5971,Ford,Focus,2012,Gasolina,C0900
V00988,SKS8434,Kia,Ceed,2011,Diésel,C0900
