ContenidoID,Titulo,TipoContenido,Genero,AnioEstreno
CT0001,Película 001,Película,Sci-Fi,2024
CT0002,Serie 002,Serie,Documental,2023
CT0003,Serie 003,Serie,Thriller,2008
CT0004,Serie 004,Serie,Comedia,2021
CT0005,Película 005,Película,Drama,2025
CT0006,Serie 006,Serie,Animación,2023
CT0007,Película 007,Película,Drama,2020
CT0008,Serie 008,Serie,Aventura,2018
CT0009,Serie 009,Serie,Documental,2023
CT0010,Serie 010,Serie,Animación,2021
CT0011,Película 011,Película,Aventura,2019
CT0012,Serie 012,Serie,Drama,2021
CT0013,Serie 013,Serie,Comedia,2013
CT0014,Serie 014,Serie,Comedia,2011
CT0015,Serie 015,Serie,Animación,2014
CT0016,Serie 016,Serie,Thriller,2022
CT0017,Película 017,Película,Drama,2018
CT0018,Serie 018,Serie,Drama,2014
CT0019,Película 019,Película,Comedia,2024
CT0020,Película 020,Película,Aventura,2021
CT0021,Película 021,Película,Thriller,2024
CT0022,Película 022,Película,Comedia,2017
CT0023,Serie 023,Serie,Acción,2009
CT0024,Película 024,Película,Aventura,2019
CT0025,Serie 025,Serie,Drama,2017
CT0026,Película 026,Película,Drama,2015
CT0027,Serie 027,Serie,Animación,2015
CT0028,Serie 028,Serie,Aventura,2020
CT0029,Serie 029,Serie,Comedia,2012
CT0030,Película 030,Película,Sci-Fi,2006
CT0031,Serie 031,Serie,Comedia,2020
CT0032,Serie 032,Serie,Acción,2009
CT0033,Serie 033,Serie,Aventura,2018
CT0034,Serie 034,Serie,Comedia,2009
CT0035,Película 035,Película,Documental,2007
CT0036,Película 036,Película,Acción,2023
CT0037,Película 037,Película,Animación,2012
CT0038,Película 038,Película,Comedia,2012
CT0039,Serie 039,Serie,Documental,2009
CT0040,Serie 040,Serie,Aventura,2012
CT0041,Serie 041,Serie,Acción,2024
CT0042,Película 042,Película,Aventura,2021
CT0043,Serie 043,Serie,Acción,2011
CT0044,Serie 044,Serie,Comedia,2016
CT0045,Película 045,Película,Documental,2022
CT0046,Película 046,Película,Acción,2023
CT0047,Película 047,Película,Comedia,2026
CT0048,Serie 048,Serie,Sci-Fi,2019
CT0049,Película 049,Película,Comedia,2023
CT0050,Película 050,Película,Comedia,2011
CT0051,Serie 051,Serie,Acción,2022
CT0052,Serie 052,Serie,Thriller,2013
CT0053,Serie 053,Serie,Sci-Fi,2009
CT0054,Película 054,Película,Thriller,2007
CT0055,Serie 055,Serie,Comedia,2022
CT0056,Película 056,Película,Sci-Fi,2006
CT0057,Película 057,Película,Thriller,2012
CT0058,Película 058,Película,Drama,2012
CT0059,Película 059,Película,Sci-Fi,2019
CT0060,Serie 060,Serie,Aventura,2010
CT0061,Serie 061,Serie,Comedia,2023
CT0062,Película 062,Película,Thriller,2017
CT0063,Serie 063,Serie,Thriller,2025
CT0064,Película 064,Película,Sci-Fi,2026
CT0065,Serie 065,Serie,Aventura,2011
CT0066,Serie 066,Serie,Sci-Fi,2016
CT0067,Película 067,Película,Sci-Fi,2014
CT0068,Serie 068,Serie,Acción,2011
CT0069,Película 069,Película,Aventura,2026
CT0070,Película 070,Película,Comedia,2005
CT0071,Serie 071,Serie,Animación,2019
CT0072,Serie 072,Serie,Documental,2021
CT0073,Película 073,Película,Thriller,2020
CT0074,Película 074,Película,Acción,2013
CT0075,Película 075,Película,Animación,2024
CT0076,Serie 076,Serie,Acción,2017
CT0077,Película 077,Película,Sci-Fi,2019
CT0078,Serie 078,Serie,Sci-Fi,2012
CT0079,Serie 079,Serie,Animación,2020
CT0080,Película 080,Película,Acción,2019
CT0081,Serie 081,Serie,Thriller,2010
CT0082,Serie 082,Serie,Documental,2014
CT0083,Serie 083,Serie,Comedia,2005
CT0084,Serie 084,Serie,Documental,2005
CT0085,Película 085,Película,Aventura,2021
CT0086,Película 086,Película,Animación,2021
CT0087,Serie 087,Serie,Documental,2022
CT0088,Serie 088,Serie,Comedia,2015
CT0089,Serie 089,Serie,Thriller,2022
CT0090,Serie 090,Serie,Aventura,2007
CT0091,Serie 091,Serie,Acción,2016
CT0092,Película 092,Película,Drama,2023
CT0093,Película 093,Película,Drama,2011
CT0094,Película 094,Película,Comedia,2017
CT0095,Serie 095,Serie,Acción,2021
CT0096,Serie 096,Serie,Comedia,2019
CT0097,Serie 097,Serie,Comedia,2020
CT0098,Película 098,Película,Drama,2024
CT0099,Serie 099,Serie,Thriller,2017
CT0100,Serie 100,Serie,Acción,2014
CT0101,Película 101,Película,Aventura,2023
CT0102,Serie 102,Serie,Sci-Fi,2006
CT0103,Serie 103,Serie,Documental,2024
CT0104,Serie 104,Serie,Sci-Fi,2009
CT0105,Serie 105,Serie,Drama,2006
CT0106,Serie 106,Serie,Aventura,2007
CT0107,Película 107,Película,Sci-Fi,2011
CT0108,Serie 108,Serie,Animación,2025
CT0109,Serie 109,Serie,Sci-Fi,2022
CT0110,Serie 110,Serie,Documental,2023
CT0111,Película 111,Película,Aventura,2010
CT0112,Serie 112,Serie,Acción,2020
CT0113,Película 113,Película,Comedia,2007
CT0114,Película 114,Película,Thriller,2007
CT0115,Serie 115,Serie,Sci-Fi,2009
CT0116,Serie 116,Serie,Drama,2007
CT0117,Serie 117,Serie,Drama,2010
CT0118,Película 118,Película,Aventura,2009
CT0119,Película 119,Película,Sci-Fi,2008
CT0120,Película 120,Película,Acción,2017
CT0121,Serie 121,Serie,Sci-Fi,2024
CT0122,Película 122,Película,Animación,2014
CT0123,Película 123,Película,Documental,2005
CT0124,Serie 124,Serie,Drama,2019
CT0125,Serie 125,Serie,Sci-Fi,2005
CT0126,Serie 126,Serie,Aventura,2024
CT0127,Película 127,Película,Documental,2023
CT0128,Película 128,Película,Drama,2020
CT0129,Película 129,Película,Acción,2007
CT0130,Serie 130,Serie,Aventura,2022
CT0131,Serie 131,Serie,Comedia,2013
CT0132,Película 132,Película,Thriller,2012
CT0133,Serie 133,Serie,Aventura,2024
CT0134,Serie 134,Serie,Drama,2016
CT0135,Película 135,Película,Aventura,2022
CT0136,Película 136,Película,Thriller,2024
CT0137,Película 137,Película,Drama,2023
CT0138,Serie 138,Serie,Drama,2023
CT0139,Serie 139,Serie,Sci-Fi,2013
CT0140,Serie 140,Serie,Documental,2007
CT0141,Película 141,Película,Animación,2008
CT0142,Película 142,Película,Sci-Fi,2017
CT0143,Película 143,Película,Acción,2023
CT0144,Serie 144,Serie,Thriller,2009
CT0145,Serie 145,Serie,Sci-Fi,2024
CT0146,Serie 146,Serie,Sci-Fi,2022
CT0147,Serie 147,Serie,Sci-Fi,2022
CT0148,Película 148,Película,Documental,2010
CT0149,Película 149,Película,Acción,2007
CT0150,Película 150,Película,Aventura,2010
CT0151,Película 151,Película,Thriller,2022
CT0152,Serie 152,Serie,Documental,2024
CT0153,Serie 153,Serie,Acción,2007
CT0154,Serie 154,Serie,Thriller,2020
CT0155,Serie 155,Serie,Thriller,2017
CT0156,Película 156,Película,Comedia,2019
CT0157,Película 157,Película,Thriller,2012
CT0158,Película 158,Película,Acción,2022
CT0159,Serie 159,Serie,Sci-Fi,2020
CT0160,Película 160,Película,Sci-Fi,2006
CT0161,Película 161,Película,Comedia,2009
CT0162,Película 162,Película,Thriller,2023
CT0163,Serie 163,Serie,Animación,2026
CT0164,Película 164,Película,Acción,2012
CT0165,Serie 165,Serie,Sci-Fi,2023
CT0166,Película 166,Película,Drama,2009
CT0167,Película 167,Película,Aventura,2022
CT0168,Serie 168,Serie,Animación,2013
CT0169,Película 169,Película,Comedia,2006
CT0170,Serie 170,Serie,Drama,2012
CT0171,Serie 171,Serie,Acción,2017
CT0172,Película 172,Película,Acción,2013
CT0173,Película 173,Película,Acción,2009
CT0174,Serie 174,Serie,Thriller,2022
CT0175,Serie 175,Serie,Comedia,2008
CT0176,Serie 176,Serie,Documental,2015
CT0177,Serie 177,Serie,Animación,2010
CT0178,Película 178,Película,Drama,2026
CT0179,Película 179,Película,Comedia,2019
CT0180,Serie 180,Serie,Aventura,2022
CT0181,Serie 181,Serie,Sci-Fi,2015
CT0182,Película 182,Película,Comedia,2008
CT0183,Serie 183,Serie,Comedia,2007
CT0184,Película 184,Película,Comedia,2007
CT0185,Película 185,Película,Sci-Fi,2011
CT0186,Serie 186,Serie,Acción,2010
CT0187,Serie 187,Serie,Acción,2018
CT0188,Película 188,Película,Documental,2005
CT0189,Serie 189,Serie,Thriller,2005
CT0190,Película 190,Película,Animación,2019
CT0191,Serie 191,Serie,Thriller,2010
CT0192,Serie 192,Serie,Aventura,2020
CT0193,Película 193,Película,Documental,2010
CT0194,Serie 194,Serie,Aventura,2020
CT0195,Serie 195,Serie,Animación,2008
CT0196,Película 196,Película,Thriller,2008
CT0197,Película 197,Película,Sci-Fi,2010
CT0198,Serie 198,Serie,Aventura,2012
CT0199,Serie 199,Serie,Animación,2026
CT0200,Película 200,Película,Acción,2015
CT0201,Serie 201,Serie,Animación,2006
CT0202,Serie 202,Serie,Thriller,2015
CT0203,Película 203,Película,Comedia,2006
CT0204,Serie 204,Serie,Comedia,2008
CT0205,Película 205,Película,Documental,2026
CT0206,Serie 206,Serie,Thriller,2026
CT0207,Serie 207,Serie,Sci-Fi,2016
CT0208,Película 208,Película,Acción,2006
CT0209,Serie 209,Serie,Drama,2024
CT0210,Película 210,Película,Animación,2022
CT0211,Película 211,Película,Comedia,2006
CT0212,Película 212,Película,Acción,2020
CT0213,Serie 213,Serie,Acción,2006
CT0214,Serie 214,Serie,Documental,2024
CT0215,Película 215,Película,Thriller,2016
CT0216,Serie 216,Serie,Animación,2023
CT0217,Serie 217,Serie,Animación,2010
CT0218,Serie 218,Serie,Aventura,2014
CT0219,Película 219,Película,Acción,2025
CT0220,Serie 220,Serie,Comedia,2022
CT0221,Película 221,Película,Sci-Fi,2024
CT0222,Serie 222,Serie,Thriller,2023
CT0223,Serie 223,Serie,Animación,2025
CT0224,Serie 224,Serie,Drama,2020
CT0225,Serie 225,Serie,Acción,2018
CT0226,Serie 226,Serie,Thriller,2023
CT0227,Serie 227,Serie,Documental,2007
CT0228,Serie 228,Serie,Thriller,2009
CT0229,Película 229,Película,Sci-Fi,2015
CT0230,Serie 230,Serie,Documental,2020
CT0231,Serie 231,Serie,Animación,2007
CT0232,Serie 232,Serie,Acción,2011
CT0233,Serie 233,Serie,Acción,2005
CT0234,Serie 234,Serie,Animación,2013
CT0235,Serie 235,Serie,Aventura,2019
CT0236,Película 236,Película,Comedia,2009
CT0237,Película 237,Película,Animación,2008
CT0238,Serie 238,Serie,Documental,2012
CT0239,Serie 239,Serie,Acción,2021
CT0240,Serie 240,Serie,Drama,2024
CT0241,Película 241,Película,Animación,2025
CT0242,Película 242,Película,Thriller,2018
CT0243,Serie 243,Serie,Sci-Fi,2010
CT0244,Serie 244,Serie,Acción,2006
CT0245,Película 245,Película,Comedia,2007
CT0246,Serie 246,Serie,Aventura,2015
CT0247,Película 247,Película,Thriller,2025
CT0248,Serie 248,Serie,Aventura,2019
CT0249,Serie 249,Serie,Acción,2019
CT0250,Película 250,Película,Animación,2013
CT0251,Película 251,Película,Thriller,2017
CT0252,Serie 252,Serie,Drama,2019
CT0253,Serie 253,Serie,Animación,2024
CT0254,Película 254,Película,Documental,2006
CT0255,Película 255,Película,Aventura,2024
CT0256,Película 256,Película,Sci-Fi,2023
CT0257,Serie 257,Serie,Acción,2017
CT0258,Serie 258,Serie,Comedia,2023
CT0259,Película 259,Película,Sci-Fi,2007
