UsuarioID,Email,Nombre,Pais,EdadGrupo
U00001,user00001@streambee.com,Irene López,Francia,35-44
U00002,user00002@streambee.com,David Romero,México,18-24
U00003,user00003@streambee.com,Irene Romero,España,45-54
U00004,user00004@streambee.com,Sergio Romero,Argentina,35-44
U00005,user00005@streambee.com,Laura Ruiz,Alemania,25-34
U00006,user00006@streambee.com,Mario García,Portugal,25-34
U00007,user00007@streambee.com,Elena Díaz,España,35-44
U00008,user00008@streambee.com,Mario Navarro,Argentina,55+
U00009,user00009@streambee.com,Pablo López,Reino Unido,55+
U00010,user00010@streambee.com,Jorge Díaz,España,25-34
U00011,user00011@streambee.com,Sofía García,Francia,45-54
U00012,user00012@streambee.com,Laura Ruiz,España,35-44
U00013,user00013@streambee.com,Laura Díaz,España,45-54
U00014,user00014@streambee.com,Pablo Pérez,España,18-24
U00015,user00015@streambee.com,Pablo Hernández,España,45-54
U00016,user00016@streambee.com,Jorge Díaz,México,25-34
U00017,user00017@streambee.com,Elena Pérez,España,18-24
U00018,user00018@streambee.com,David Navarro,Italia,45-54
U00019,user00019@streambee.com,Laura Romero,Reino Unido,35-44
U00020,user00020@streambee.com,Sofía Ruiz,Portugal,45-54
U00021,user00021@streambee.com,Marta Pérez,Reino Unido,25-34
U00022,user00022@streambee.com,Lucía Hernández,España,45-54
U00023,user00023@streambee.com,Nuria Martín,España,55+
U00024,user00024@streambee.com,Sergio Díaz,España,18-24
U00025,user00025@streambee.com,Jorge Martín,España,25-34
U00026,user00026@streambee.com,Hugo Navarro,España,25-34
U00027,user00027@streambee.com,Jorge Pérez,México,25-34
U00028,user00028@streambee.com,Elena Romero,España,25-34
U00029,user00029@streambee.com,Irene Pérez,Portugal,45-54
U00030,user00030@streambee.com,Nuria Díaz,Portugal,55+
U00031,user00031@streambee.com,Hugo Ruiz,Reino Unido,18-24
U00032,user00032@streambee.com,Elena Ruiz,Alemania,45-54
U00033,user00033@streambee.com,Carla Ruiz,España,55+
U00034,user00034@streambee.com,Ana García,Portugal,45-54
U00035,user00035@streambee.com,Mario Ruiz,España,45-54
U00036,user00036@streambee.com,David López,Francia,35-44
U00037,user00037@streambee.com,Elena Romero,España,55+
U00038,user00038@streambee.com,Sofía Sánchez,Argentina,45-54
U00039,user00039@streambee.com,Lucía López,Francia,25-34
U00040,user00040@streambee.com,Irene Sánchez,Reino Unido,45-54
U00041,user00041@streambee.com,Lucía Hernández,Alemania,35-44
U00042,user00042@streambee.com,Lucía Hernández,España,45-54
U00043,user00043@streambee.com,Jorge Martín,España,45-54
U00044,user00044@streambee.com,Elena Sánchez,Alemania,18-24
U00045,user00045@streambee.com,Sergio Navarro,Argentina,55+
U00046,user00046@streambee.com,Ana Martín,México,55+
U00047,user00047@streambee.com,Laura Ruiz,Argentina,25-34
U00048,user00048@streambee.com,Sergio Sánchez,España,35-44
U00049,user00049@streambee.com,Mario Martín,Italia,35-44
U00050,user00050@streambee.com,Hugo García,México,35-44
U00051,user00051@streambee.com,Sofía Sánchez,México,55+
U00052,user00052@streambee.com,Mario Navarro,Italia,55+
U00053,user00053@streambee.com,Carla Romero,Argentina,18-24
U00054,user00054@streambee.com,Ana Romero,España,25-34
U00055,user00055@streambee.com,Lucía Romero,Argentina,55+
U00056,user00056@streambee.com,Hugo Romero,España,55+
U00057,user00057@streambee.com,Carla Ruiz,Italia,45-54
U00058,user00058@streambee.com,Marta López,Argentina,45-54
U00059,user00059@streambee.com,Mario Romero,España,25-34
U00060,user00060@streambee.com,Hugo Pérez,España,18-24
U00061,user00061@streambee.com,Carla López,España,18-24
U00062,user00062@streambee.com,Marta Romero,España,25-34
U00063,user00063@streambee.com,Nuria Navarro,Portugal,18-24
U00064,user00064@streambee.com,Elena García,México,18-24
U00065,user00065@streambee.com,Sofía Martín,México,25-34
U00066,user00066@streambee.com,Irene Ruiz,España,18-24
U00067,user00067@streambee.com,Elena Pérez,España,55+
U00068,user00068@streambee.com,Ana Martín,Reino Unido,18-24
U00069,user00069@streambee.com,Laura Ruiz,Italia,55+
U00070,user00070@streambee.com,Elena García,Argentina,18-24
U00071,user00071@streambee.com,Laura Martín,España,25-34
U00072,user00072@streambee.com,Pablo López,España,45-54
U00073,user00073@streambee.com,Jorge Ruiz,Italia,35-44
U00074,user00074@streambee.com,Nuria Pérez,México,25-34
U00075,user00075@streambee.com,Bruno Navarro,Reino Unido,25-34
U00076,user00076@streambee.com,Jorge Pérez,España,18-24
U00077,user00077@streambee.com,Elena Hernández,Italia,35-44
U00078,user00078@streambee.com,Nuria Sánchez,Italia,45-54
U00079,user00079@streambee.com,Irene Pérez,México,35-44
U00080,user00080@streambee.com,Lucía Navarro,España,35-44
U00081,user00081@streambee.com,Sofía Romero,México,35-44
U00082,user00082@streambee.com,Laura Romero,España,55+
U00083,user00083@streambee.com,David Martín,España,25-34
U00084,user00084@streambee.com,David Ruiz,Argentina,25-34
U00085,user00085@streambee.com,Carla Pérez,Italia,45-54
U00086,user00086@streambee.com,Sergio Ruiz,Reino Unido,25-34
U00087,user00087@streambee.com,Lucía Díaz,Argentina,18-24
U00088,user00088@streambee.com,Jorge Sánchez,España,55+
U00089,user00089@streambee.com,Marta Romero,Portugal,55+
U00090,user00090@streambee.com,Bruno Sánchez,España,55+
U00091,user00091@streambee.com,Carla Martín,España,55+
U00092,user00092@streambee.com,Sofía Díaz,Francia,55+
U00093,user00093@streambee.com,Irene Díaz,Argentina,55+
U00094,user00094@streambee.com,Irene Martín,España,45-54
U00095,user00095@streambee.com,Marta Pérez,España,45-54
U00096,user00096@streambee.com,Mario Díaz,Italia,55+
U00097,user00097@streambee.com,Lucía García,Argentina,45-54
U00098,user00098@streambee.com,Laura Ruiz,España,18-24
U00099,user00099@streambee.com,Carla Pérez,Argentina,18-24
U00100,user00100@streambee.com,Carla Martín,Italia,45-54
U00101,user00101@streambee.com,Lucía García,España,25-34
U00102,user00102@streambee.com,Bruno Martín,España,55+
U00103,user00103@streambee.com,Elena Sánchez,España,55+
U00104,user00104@streambee.com,Laura Martín,Portugal,55+
U00105,user00105@streambee.com,Elena Díaz,Reino Unido,25-34
U00106,user00106@streambee.com,Lucía Romero,Italia,25-34
U00107,user00107@streambee.com,Lucía García,Reino Unido,55+
U00108,user00108@streambee.com,Nuria Pérez,España,45-54
U00109,user00109@streambee.com,Elena García,Argentina,45-54
U00110,user00110@streambee.com,Mario Hernández,Alemania,55+
U00111,user00111@streambee.com,Mario Romero,Argentina,25-34
U00112,user00112@streambee.com,Ana García,España,45-54
U00113,user00113@streambee.com,Nuria Hernández,España,35-44
U00114,user00114@streambee.com,Hugo Díaz,Portugal,45-54
U00115,user00115@streambee.com,Carla López,España,25-34
U00116,user00116@streambee.com,Sergio Martín,España,35-44
U00117,user00117@streambee.com,Sofía Díaz,Argentina,18-24
U00118,user00118@streambee.com,Sofía Navarro,Alemania,45-54
U00119,user00119@streambee.com,Hugo Hernández,Portugal,25-34
U00120,user00120@streambee.com,Carla Sánchez,Francia,45-54
U00121,user00121@streambee.com,Sofía Díaz,Italia,18-24
U00122,user00122@streambee.com,Laura Martín,Reino Unido,35-44
U00123,user00123@streambee.com,Hugo Ruiz,España,18-24
U00124,user00124@streambee.com,Hugo Martín,España,55+
U00125,user00125@streambee.com,Marta Romero,España,55+
U00126,user00126@streambee.com,Mario Martín,Reino Unido,55+
U00127,user00127@streambee.com,Sofía Hernández,Francia,55+
U00128,user00128@streambee.com,Irene Pérez,Portugal,18-24
U00129,user00129@streambee.com,David López,México,25-34
U00130,user00130@streambee.com,David Díaz,Argentina,18-24
U00131,user00131@streambee.com,Mario García,México,55+
U00132,user00132@streambee.com,David Díaz,España,55+
U00133,user00133@streambee.com,Bruno Sánchez,Francia,55+
U00134,user00134@streambee.com,Elena Navarro,España,25-34
U00135,user00135@streambee.com,Hugo Romero,México,25-34
U00136,user00136@streambee.com,Sergio Navarro,España,45-54
U00137,user00137@streambee.com,Irene García,Argentina,18-24
U00138,user00138@streambee.com,Nuria Martín,Francia,55+
U00139,user00139@streambee.com,Carla García,España,25-34
U00140,user00140@streambee.com,Hugo Martín,Argentina,25-34
U00141,user00141@streambee.com,Carla Díaz,España,25-34
U00142,user00142@streambee.com,Irene Romero,España,35-44
U00143,user00143@streambee.com,Lucía Pérez,Francia,25-34
U00144,user00144@streambee.com,Hugo García,España,45-54
U00145,user00145@streambee.com,Ana Ruiz,España,18-24
U00146,user00146@streambee.com,Bruno Sánchez,España,55+
U00147,user00147@streambee.com,Nuria Ruiz,Alemania,25-34
U00148,user00148@streambee.com,Marta Pérez,España,45-54
U00149,user00149@streambee.com,Marta Díaz,México,45-54
U00150,user00150@streambee.com,Bruno Díaz,Reino Unido,45-54
U00151,user00151@streambee.com,Lucía López,España,45-54
U00152,user00152@streambee.com,Nuria Romero,España,35-44
U00153,user00153@streambee.com,Laura López,España,25-34
U00154,user00154@streambee.com,Ana Martín,España,55+
U00155,user00155@streambee.com,Sofía García,México,18-24
U00156,user00156@streambee.com,Lucía Díaz,España,25-34
U00157,user00157@streambee.com,Hugo Sánchez,Portugal,18-24
U00158,user00158@streambee.com,Bruno Navarro,Reino Unido,55+
U00159,user00159@streambee.com,Nuria García,Italia,25-34
U00160,user00160@streambee.com,David Sánchez,España,45-54
U00161,user00161@streambee.com,Nuria Hernández,Portugal,45-54
U00162,user00162@streambee.com,Ana Romero,España,18-24
U00163,user00163@streambee.com,Nuria Navarro,España,18-24
U00164,user00164@streambee.com,Jorge Pérez,Francia,55+
U00165,user00165@streambee.com,Sergio Hernández,México,45-54
U00166,user00166@streambee.com,Irene Martín,Portugal,25-34
U00167,user00167@streambee.com,Jorge Sánchez,España,25-34
U00168,user00168@streambee.com,Mario Romero,Italia,18-24
U00169,user00169@streambee.com,Carla López,Italia,18-24
U00170,user00170@streambee.com,David López,Alemania,55+
U00171,user00171@streambee.com,Sergio Ruiz,Francia,55+
U00172,user00172@streambee.com,Bruno Navarro,México,55+
U00173,user00173@streambee.com,Nuria Díaz,España,25-34
U00174,user00174@streambee.com,Pablo Romero,Argentina,18-24
U00175,user00175@streambee.com,Carla Pérez,México,18-24
U00176,user00176@streambee.com,Marta López,España,35-44
U00177,user00177@streambee.com,Bruno García,Italia,18-24
U00178,user00178@streambee.com,Sergio Navarro,España,35-44
U00179,user00179@streambee.com,Pablo Navarro,España,18-24
U00180,user00180@streambee.com,Elena Martín,España,18-24
U00181,user00181@streambee.com,Marta Navarro,Portugal,25-34
U00182,user00182@streambee.com,Marta Pérez,Portugal,18-24
U00183,user00183@streambee.com,Nuria Sánchez,Portugal,18-24
U00184,user00184@streambee.com,Lucía Pérez,Alemania,18-24
U00185,user00185@streambee.com,Jorge Hernández,España,18-24
U00186,user00186@streambee.com,Marta Navarro,Alemania,45-54
U00187,user00187@streambee.com,Hugo Díaz,España,45-54
U00188,user00188@streambee.com,Laura Ruiz,Reino Unido,35-44
U00189,user00189@streambee.com,Hugo Navarro,Alemania,18-24
U00190,user00190@streambee.com,Irene Navarro,España,35-44
U00191,user00191@streambee.com,Nuria Ruiz,México,35-44
U00192,user00192@streambee.com,Jorge López,España,18-24
U00193,user00193@streambee.com,Carla Navarro,México,25-34
U00194,user00194@streambee.com,Lucía Pérez,Argentina,55+
U00195,user00195@streambee.com,Bruno Díaz,España,35-44
U00196,user00196@streambee.com,Carla Romero,México,18-24
U00197,user00197@streambee.com,Marta Romero,Reino Unido,35-44
U00198,user00198@streambee.com,Mario López,Alemania,25-34
U00199,user00199@streambee.com,Elena Ruiz,México,18-24
U00200,user00200@streambee.com,Sofía Hernández,Italia,45-54
U00201,user00201@streambee.com,Lucía López,España,25-34
U00202,user00202@streambee.com,Elena Pérez,España,35-44
U00203,user00203@streambee.com,Laura Díaz,Portugal,45-54
U00204,user00204@streambee.com,Elena Romero,España,18-24
U00205,user00205@streambee.com,Jorge Martín,Italia,25-34
U00206,user00206@streambee.com,Irene Ruiz,México,25-34
U00207,user00207@streambee.com,Mario Pérez,España,45-54
U00208,user00208@streambee.com,Lucía Díaz,Francia,18-24
U00209,user00209@streambee.com,Laura Pérez,Argentina,25-34
U00210,user00210@streambee.com,Irene Sánchez,Reino Unido,18-24
U00211,user00211@streambee.com,Marta Sánchez,México,45-54
U00212,user00212@streambee.com,Marta Hernández,Italia,45-54
U00213,user00213@streambee.com,Jorge Martín,España,35-44
U00214,user00214@streambee.com,Marta Sánchez,Alemania,55+
U00215,user00215@streambee.com,Nuria López,Argentina,25-34
U00216,user00216@streambee.com,Marta Sánchez,Francia,25-34
U00217,user00217@streambee.com,Elena Ruiz,España,55+
U00218,user00218@streambee.com,Irene Díaz,España,45-54
U00219,user00219@streambee.com,David Navarro,Francia,35-44
U00220,user00220@streambee.com,Nuria Navarro,España,18-24
U00221,user00221@streambee.com,Hugo Navarro,Argentina,55+
U00222,user00222@streambee.com,David Pérez,México,45-54
U00223,user00223@streambee.com,Mario Pérez,España,25-34
U00224,user00224@streambee.com,Hugo Navarro,España,25-34
U00225,user00225@streambee.com,Lucía Pérez,Argentina,45-54
U00226,user00226@streambee.com,Irene Díaz,Argentina,25-34
U00227,user00227@streambee.com,Ana Martín,Reino Unido,25-34
U00228,user00228@streambee.com,David Navarro,España,45-54
U00229,user00229@streambee.com,Ana Ruiz,Francia,45-54
U00230,user00230@streambee.com,Elena Navarro,Francia,25-34
U00231,user00231@streambee.com,David Pérez,España,55+
U00232,user00232@streambee.com,Hugo García,España,25-34
U00233,user00233@streambee.com,Laura Ruiz,España,18-24
U00234,user00234@streambee.com,Jorge Romero,Francia,25-34
U00235,user00235@streambee.com,Elena Martín,Alemania,35-44
U00236,user00236@streambee.com,Sofía Hernández,España,35-44
U00237,user00237@streambee.com,David Hernández,Italia,18-24
U00238,user00238@streambee.com,Elena Pérez,España,18-24
U00239,user00239@streambee.com,Laura García,España,35-44
U00240,user00240@streambee.com,Elena Hernández,Francia,35-44
U00241,user00241@streambee.com,David Díaz,Argentina,35-44
U00242,user00242@streambee.com,Mario Ruiz,España,25-34
U00243,user00243@streambee.com,Sofía Martín,España,18-24
U00244,user00244@streambee.com,Laura López,México,18-24
U00245,user00245@streambee.com,Marta López,Francia,55+
U00246,user00246@streambee.com,Nuria Martín,México,35-44
U00247,user00247@streambee.com,Jorge Navarro,España,25-34
U00248,user00248@streambee.com,Laura Sánchez,España,55+
U00249,user00249@streambee.com,Irene Ruiz,México,55+
U00250,user00250@streambee.com,Lucía Ruiz,Reino Unido,55+
U00251,user00251@streambee.com,Hugo Sánchez,Francia,55+
U00252,user00252@streambee.com,Mario López,Alemania,18-24
U00253,user00253@streambee.com,Carla Pérez,México,35-44
U00254,user00254@streambee.com,Hugo Ruiz,Italia,55+
U00255,user00255@streambee.com,Laura Díaz,España,25-34
U00256,user00256@streambee.com,Nuria Hernández,España,25-34
U00257,user00257@streambee.com,Marta Ruiz,España,55+
U00258,user00258@streambee.com,Pablo Martín,España,18-24
U00259,user00259@streambee.com,Carla Martín,México,55+
U00260,user00260@streambee.com,Sofía Pérez,Argentina,35-44
U00261,user00261@streambee.com,Elena Sánchez,Italia,18-24
U00262,user00262@streambee.com,Laura Navarro,Reino Unido,35-44
U00263,user00263@streambee.com,Elena Navarro,España,35-44
U00264,user00264@streambee.com,Lucía Hernández,Argentina,25-34
U00265,user00265@streambee.com,Mario López,Italia,55+
U00266,user00266@streambee.com,Elena Ruiz,Reino Unido,35-44
U00267,user00267@streambee.com,Laura Pérez,Reino Unido,35-44
U00268,user00268@streambee.com,Nuria Navarro,Francia,35-44
U00269,user00269@streambee.com,Ana Ruiz,España,25-34
U00270,user00270@streambee.com,Sergio Pérez,España,25-34
U00271,user00271@streambee.com,Sergio Navarro,Francia,55+
U00272,user00272@streambee.com,Laura Romero,España,45-54
U00273,user00273@streambee.com,David Díaz,España,35-44
U00274,user00274@streambee.com,Marta López,España,45-54
U00275,user00275@streambee.com,Carla García,España,25-34
U00276,user00276@streambee.com,Irene Hernández,Italia,18-24
U00277,user00277@streambee.com,Hugo García,España,25-34
U00278,user00278@streambee.com,Jorge Navarro,España,25-34
U00279,user00279@streambee.com,Carla Díaz,España,35-44
U00280,user00280@streambee.com,Jorge Hernández,Italia,18-24
U00281,user00281@streambee.com,Hugo Hernández,Francia,35-44
U00282,user00282@streambee.com,David Navarro,España,45-54
U00283,user00283@streambee.com,Marta Martín,Alemania,25-34
U00284,user00284@streambee.com,Carla Martín,Reino Unido,18-24
U00285,user00285@streambee.com,Laura Navarro,España,45-54
U00286,user00286@streambee.com,Mario Sánchez,España,35-44
U00287,user00287@streambee.com,Irene García,España,25-34
U00288,user00288@streambee.com,Carla Díaz,Portugal,35-44
U00289,user00289@streambee.com,Elena López,España,45-54
U00290,user00290@streambee.com,Jorge Pérez,España,18-24
U00291,user00291@streambee.com,Lucía Navarro,Italia,35-44
U00292,user00292@streambee.com,Ana Romero,Argentina,45-54
U00293,user00293@streambee.com,Hugo Ruiz,Portugal,55+
U00294,user00294@streambee.com,Lucía Navarro,Portugal,45-54
U00295,user00295@streambee.com,Ana Pérez,Argentina,18-24
U00296,user00296@streambee.com,Sergio Pérez,Reino Unido,35-44
U00297,user00297@streambee.com,Nuria Díaz,Reino Unido,55+
U00298,user00298@streambee.com,Elena Navarro,España,55+
U00299,user00299@streambee.com,Elena López,España,25-34
U00300,user00300@streambee.com,Ana Hernández,España,25-34
U00301,user00301@streambee.com,Elena Díaz,España,45-54
U00302,user00302@streambee.com,Mario López,España,45-54
U00303,user00303@streambee.com,Lucía Hernández,México,45-54
U00304,user00304@streambee.com,Jorge Díaz,España,35-44
U00305,user00305@streambee.com,Hugo Romero,España,55+
U00306,user00306@streambee.com,Nuria Pérez,Argentina,35-44
U00307,user00307@streambee.com,Elena Navarro,España,55+
U00308,user00308@streambee.com,Sergio Martín,Francia,45-54
U00309,user00309@streambee.com,Irene Navarro,Portugal,55+
U00310,user00310@streambee.com,Irene Navarro,Argentina,25-34
U00311,user00311@streambee.com,Nuria Romero,España,45-54
U00312,user00312@streambee.com,Irene Sánchez,México,18-24
U00313,user00313@streambee.com,Elena Díaz,Reino Unido,18-24
U00314,user00314@streambee.com,Ana Sánchez,España,45-54
U00315,user00315@streambee.com,Nuria García,Italia,18-24
U00316,user00316@streambee.com,Laura Navarro,España,18-24
U00317,user00317@streambee.com,Mario Díaz,Argentina,45-54
U00318,user00318@streambee.com,Hugo Martín,España,25-34
U00319,user00319@streambee.com,Ana Díaz,Italia,45-54
U00320,user00320@streambee.com,Pablo Sánchez,Argentina,25-34
U00321,user00321@streambee.com,David Hernández,México,45-54
U00322,user00322@streambee.com,David Navarro,España,55+
U00323,user00323@streambee.com,Marta García,España,45-54
U00324,user00324@streambee.com,Sofía García,Alemania,25-34
U00325,user00325@streambee.com,Pablo Romero,Francia,45-54
U00326,user00326@streambee.com,Carla Pérez,Reino Unido,45-54
U00327,user00327@streambee.com,Marta López,México,55+
U00328,user00328@streambee.com,Bruno Díaz,España,25-34
U00329,user00329@streambee.com,Hugo Navarro,España,35-44
U00330,user00330@streambee.com,Elena Ruiz,Francia,45-54
U00331,user00331@streambee.com,Ana Hernández,México,55+
U00332,user00332@streambee.com,Bruno Martín,Francia,25-34
U00333,user00333@streambee.com,Sofía Sánchez,España,18-24
U00334,user00334@streambee.com,Hugo Ruiz,México,18-24
U00335,user00335@streambee.com,Carla Díaz,España,45-54
U00336,user00336@streambee.com,Ana López,España,18-24
U00337,user00337@streambee.com,Nuria Navarro,Argentina,25-34
U00338,user00338@streambee.com,Sergio Navarro,Reino Unido,45-54
U00339,user00339@streambee.com,Sofía Pérez,México,25-34
U00340,user00340@streambee.com,Lucía Hernández,España,25-34
U00341,user00341@streambee.com,Jorge Romero,España,45-54
U00342,user00342@streambee.com,Sofía Hernández,México,18-24
U00343,user00343@streambee.com,Lucía Martín,España,25-34
U00344,user00344@streambee.com,Ana López,España,55+
U00345,user00345@streambee.com,Bruno Navarro,España,55+
U00346,user00346@streambee.com,Laura Ruiz,España,55+
U00347,user00347@streambee.com,Marta Martín,España,18-24
U00348,user00348@streambee.com,Bruno Ruiz,España,45-54
U00349,user00349@streambee.com,Laura Romero,Argentina,25-34
U00350,user00350@streambee.com,Bruno Romero,España,45-54
U00351,user00351@streambee.com,David Ruiz,España,45-54
U00352,user00352@streambee.com,Mario Díaz,Argentina,25-34
U00353,user00353@streambee.com,Marta Díaz,España,55+
U00354,user00354@streambee.com,Mario Martín,España,18-24
U00355,user00355@streambee.com,Sofía Sánchez,México,18-24
U00356,user00356@streambee.com,Marta García,México,35-44
U00357,user00357@streambee.com,Lucía García,Francia,18-24
U00358,user00358@streambee.com,Ana Romero,España,45-54
U00359,user00359@streambee.com,Mario Sánchez,España,25-34
U00360,user00360@streambee.com,Carla Hernández,Italia,35-44
U00361,user00361@streambee.com,Pablo Martín,Francia,35-44
U00362,user00362@streambee.com,Sergio Martín,Alemania,18-24
U00363,user00363@streambee.com,Jorge López,Reino Unido,25-34
U00364,user00364@streambee.com,Nuria Navarro,España,18-24
U00365,user00365@streambee.com,Mario García,España,18-24
U00366,user00366@streambee.com,Sergio Ruiz,Portugal,55+
U00367,user00367@streambee.com,Irene Martín,España,55+
U00368,user00368@streambee.com,Carla López,México,18-24
U00369,user00369@streambee.com,Pablo Romero,Portugal,35-44
U00370,user00370@streambee.com,David Sánchez,Reino Unido,18-24
U00371,user00371@streambee.com,David Martín,Francia,55+
U00372,user00372@streambee.com,Elena García,Argentina,55+
U00373,user00373@streambee.com,Bruno Díaz,Italia,25-34
U00374,user00374@streambee.com,Elena López,Portugal,35-44
U00375,user00375@streambee.com,Marta Hernández,Alemania,25-34
U00376,user00376@streambee.com,Mario Hernández,México,55+
U00377,user00377@streambee.com,Jorge Navarro,España,45-54
U00378,user00378@streambee.com,Elena Sánchez,España,25-34
U00379,user00379@streambee.com,Nuria García,Francia,25-34
U00380,user00380@streambee.com,Ana Ruiz,Portugal,18-24
U00381,user00381@streambee.com,Bruno García,Reino Unido,35-44
U00382,user00382@streambee.com,Irene López,Argentina,35-44
U00383,user00383@streambee.com,Mario Sánchez,España,25-34
U00384,user00384@streambee.com,Marta Hernández,España,45-54
U00385,user00385@streambee.com,Marta Ruiz,Portugal,45-54
U00386,user00386@streambee.com,Pablo Pérez,España,18-24
U00387,user00387@streambee.com,Irene López,España,35-44
U00388,user00388@streambee.com,Jorge Navarro,Portugal,45-54
U00389,user00389@streambee.com,Laura García,España,25-34
U00390,user00390@streambee.com,Ana López,Argentina,55+
U00391,user00391@streambee.com,Bruno García,Italia,45-54
U00392,user00392@streambee.com,Pablo Navarro,España,25-34
U00393,user00393@streambee.com,Nuria Hernández,España,18-24
U00394,user00394@streambee.com,Lucía Díaz,Portugal,55+
U00395,user00395@streambee.com,Sergio Romero,España,18-24
U00396,user00396@streambee.com,Pablo Sánchez,Francia,35-44
U00397,user00397@streambee.com,Laura Romero,España,55+
U00398,user00398@streambee.com,Jorge López,España,45-54
U00399,user00399@streambee.com,Hugo García,Argentina,45-54
U00400,user00400@streambee.com,Irene Navarro,Italia,35-44
U00401,user00401@streambee.com,Marta Romero,España,45-54
U00402,user00402@streambee.com,Laura García,Argentina,18-24
U00403,user00403@streambee.com,Laura López,Alemania,18-24
U00404,user00404@streambee.com,Sergio Ruiz,España,45-54
U00405,user00405@streambee.com,Mario Díaz,España,55+
U00406,user00406@streambee.com,Sergio Ruiz,Portugal,18-24
U00407,user00407@streambee.com,Sofía Navarro,España,45-54
U00408,user00408@streambee.com,Lucía García,Italia,45-54
U00409,user00409@streambee.com,Marta García,Italia,45-54
U00410,user00410@streambee.com,Irene Martín,México,18-24
U00411,user00411@streambee.com,Lucía Pérez,Italia,55+
U00412,user00412@streambee.com,Irene López,Reino Unido,18-24
U00413,user00413@streambee.com,Jorge Romero,España,55+
U00414,user00414@streambee.com,Lucía García,España,45-54
U00415,user00415@streambee.com,Irene Sánchez,España,45-54
U00416,user00416@streambee.com,Pablo Pérez,Argentina,45-54
U00417,user00417@streambee.com,Sergio Sánchez,Francia,25-34
U00418,user00418@streambee.com,Carla Díaz,Francia,18-24
U00419,user00419@streambee.com,Pablo García,España,55+
U00420,user00420@streambee.com,Sofía Ruiz,Alemania,25-34
U00421,user00421@streambee.com,Mario Navarro,México,35-44
U00422,user00422@streambee.com,Sergio Navarro,España,25-34
U00423,user00423@streambee.com,Bruno Sánchez,Reino Unido,35-44
U00424,user00424@streambee.com,Mario López,Alemania,45-54
U00425,user00425@streambee.com,Lucía Sánchez,Portugal,35-44
U00426,user00426@streambee.com,Laura Hernández,Alemania,55+
U00427,user00427@streambee.com,Marta Sánchez,Argentina,45-54
U00428,user00428@streambee.com,Bruno Ruiz,Italia,55+
U00429,user00429@streambee.com,Jorge Navarro,Argentina,25-34
U00430,user00430@streambee.com,David Navarro,España,35-44
U00431,user00431@streambee.com,Laura Pérez,España,25-34
U00432,user00432@streambee.com,Sergio García,Alemania,18-24
U00433,user00433@streambee.com,Hugo Hernández,España,55+
U00434,user00434@streambee.com,Nuria Navarro,España,18-24
U00435,user00435@streambee.com,Marta Pérez,España,45-54
U00436,user00436@streambee.com,Elena López,Italia,18-24
U00437,user00437@streambee.com,David Martín,Italia,25-34
U00438,user00438@streambee.com,Elena Pérez,Reino Unido,45-54
U00439,user00439@streambee.com,Lucía Navarro,Francia,35-44
U00440,user00440@streambee.com,Laura García,España,35-44
U00441,user00441@streambee.com,Laura Díaz,Argentina,55+
U00442,user00442@streambee.com,Jorge Ruiz,México,45-54
U00443,user00443@streambee.com,Bruno Romero,España,25-34
U00444,user00444@streambee.com,Sofía Navarro,España,45-54
U00445,user00445@streambee.com,Sofía Romero,Reino Unido,35-44
U00446,user00446@streambee.com,Marta Pérez,México,25-34
U00447,user00447@streambee.com,Carla Martín,España,35-44
U00448,user00448@streambee.com,Pablo Romero,España,18-24
U00449,user00449@streambee.com,Carla Díaz,Italia,18-24
U00450,user00450@streambee.com,Sofía Ruiz,Alemania,55+
U00451,user00451@streambee.com,Bruno Romero,España,55+
U00452,user00452@streambee.com,Hugo Hernández,Argentina,35-44
U00453,user00453@streambee.com,Carla López,España,35-44
U00454,user00454@streambee.com,Mario Díaz,Portugal,18-24
U00455,user00455@streambee.com,Nuria García,Portugal,25-34
U00456,user00456@streambee.com,Marta García,México,35-44
U00457,user00457@streambee.com,Carla Ruiz,España,45-54
U00458,user00458@streambee.com,Laura Pérez,España,25-34
U00459,user00459@streambee.com,David Díaz,Reino Unido,25-34
U00460,user00460@streambee.com,Sergio Hernández,Argentina,55+
U00461,user00461@streambee.com,David Navarro,Argentina,45-54
U00462,user00462@streambee.com,Elena García,España,45-54
U00463,user00463@streambee.com,Marta Ruiz,Reino Unido,35-44
U00464,user00464@streambee.com,Nuria García,España,35-44
U00465,user00465@streambee.com,Hugo Navarro,México,45-54
U00466,user00466@streambee.com,Carla García,España,55+
U00467,user00467@streambee.com,Nuria Hernández,Francia,25-34
U00468,user00468@streambee.com,Mario Martín,Reino Unido,55+
U00469,user00469@streambee.com,Carla Hernández,Reino Unido,25-34
U00470,user00470@streambee.com,Laura Navarro,España,45-54
U00471,user00471@streambee.com,Marta Ruiz,España,18-24
U00472,user00472@streambee.com,David Sánchez,España,35-44
U00473,user00473@streambee.com,Jorge Díaz,Reino Unido,45-54
U00474,user00474@streambee.com,Mario Díaz,España,45-54
U00475,user00475@streambee.com,Nuria López,Francia,45-54
U00476,user00476@streambee.com,Sergio Ruiz,Reino Unido,55+
U00477,user00477@streambee.com,Ana López,España,45-54
U00478,user00478@streambee.com,Irene Martín,España,45-54
U00479,user00479@streambee.com,David Hernández,España,25-34
U00480,user00480@streambee.com,Sofía Ruiz,Portugal,18-24
U00481,user00481@streambee.com,Jorge Romero,Francia,35-44
U00482,user00482@streambee.com,Laura López,España,25-34
U00483,user00483@streambee.com,Mario Navarro,México,25-34
U00484,user00484@streambee.com,Mario Sánchez,Italia,45-54
U00485,user00485@streambee.com,Irene López,España,35-44
U00486,user00486@streambee.com,Jorge Martín,España,25-34
U00487,user00487@streambee.com,Carla Martín,Argentina,45-54
U00488,user00488@streambee.com,Nuria Sánchez,Argentina,55+
U00489,user00489@streambee.com,Laura Díaz,España,45-54
U00490,user00490@streambee.com,Elena Martín,España,35-44
U00491,user00491@streambee.com,Bruno López,España,35-44
U00492,user00492@streambee.com,Jorge López,España,45-54
U00493,user00493@streambee.com,Nuria López,Reino Unido,55+
U00494,user00494@streambee.com,Sofía Romero,Italia,55+
U00495,user00495@streambee.com,Lucía Sánchez,Argentina,45-54
U00496,user00496@streambee.com,Sergio Martín,Francia,25-34
U00497,user00497@streambee.com,Lucía Sánchez,Alemania,55+
U00498,user00498@streambee.com,Ana Hernández,Portugal,55+
U00499,user00499@streambee.com,Lucía Romero,México,18-24
U00500,user00500@streambee.com,Hugo Ruiz,España,25-34
U00501,user00501@streambee.com,Sofía García,Argentina,25-34
U00502,user00502@streambee.com,Elena Navarro,España,18-24
U00503,user00503@streambee.com,Carla Hernández,Reino Unido,45-54
U00504,user00504@streambee.com,Bruno García,España,25-34
U00505,user00505@streambee.com,Elena Romero,Italia,25-34
U00506,user00506@streambee.com,Elena Hernández,España,18-24
U00507,user00507@streambee.com,Lucía Ruiz,España,25-34
U00508,user00508@streambee.com,Lucía Hernández,España,45-54
U00509,user00509@streambee.com,Nuria López,Alemania,45-54
U00510,user00510@streambee.com,Lucía Martín,Italia,25-34
U00511,user00511@streambee.com,Elena López,Francia,45-54
U00512,user00512@streambee.com,Bruno Martín,España,55+
U00513,user00513@streambee.com,Bruno Ruiz,Argentina,25-34
U00514,user00514@streambee.com,Sergio Martín,España,25-34
U00515,user00515@streambee.com,Nuria Pérez,Portugal,35-44
U00516,user00516@streambee.com,Ana Díaz,Portugal,35-44
U00517,user00517@streambee.com,Carla Navarro,España,55+
U00518,user00518@streambee.com,Elena Martín,Italia,18-24
U00519,user00519@streambee.com,Ana Pérez,Italia,35-44
U00520,user00520@streambee.com,Elena López,España,18-24
U00521,user00521@streambee.com,Marta Martín,España,45-54
U00522,user00522@streambee.com,Carla Ruiz,Italia,18-24
U00523,user00523@streambee.com,Laura Martín,España,25-34
U00524,user00524@streambee.com,David Pérez,Reino Unido,35-44
U00525,user00525@streambee.com,Nuria Romero,Reino Unido,35-44
U00526,user00526@streambee.com,Sofía Martín,México,45-54
U00527,user00527@streambee.com,Bruno García,Francia,55+
U00528,user00528@streambee.com,Laura Pérez,Italia,55+
U00529,user00529@streambee.com,Pablo Ruiz,España,25-34
U00530,user00530@streambee.com,Marta Romero,España,55+
U00531,user00531@streambee.com,Irene Pérez,México,55+
U00532,user00532@streambee.com,Marta Ruiz,España,18-24
U00533,user00533@streambee.com,Sergio Díaz,España,55+
U00534,user00534@streambee.com,Laura Hernández,España,35-44
U00535,user00535@streambee.com,Hugo Díaz,España,55+
U00536,user00536@streambee.com,Sofía Pérez,Alemania,18-24
U00537,user00537@streambee.com,Pablo Sánchez,España,35-44
U00538,user00538@streambee.com,Elena Martín,México,35-44
U00539,user00539@streambee.com,David Ruiz,España,45-54
U00540,user00540@streambee.com,Sergio Romero,Reino Unido,35-44
U00541,user00541@streambee.com,Elena Martín,España,55+
U00542,user00542@streambee.com,Elena Romero,España,35-44
U00543,user00543@streambee.com,Hugo Navarro,España,25-34
U00544,user00544@streambee.com,Laura Sánchez,Alemania,55+
U00545,user00545@streambee.com,Carla López,España,18-24
U00546,user00546@streambee.com,Bruno García,Alemania,35-44
U00547,user00547@streambee.com,Nuria López,Portugal,45-54
U00548,user00548@streambee.com,Bruno Sánchez,España,25-34
U00549,user00549@streambee.com,Laura Sánchez,España,55+
U00550,user00550@streambee.com,Nuria García,España,55+
U00551,user00551@streambee.com,Mario López,España,18-24
U00552,user00552@streambee.com,Pablo Navarro,Alemania,35-44
U00553,user00553@streambee.com,Hugo Navarro,Alemania,25-34
U00554,user00554@streambee.com,Pablo López,España,45-54
U00555,user00555@streambee.com,Elena Romero,Argentina,18-24
U00556,user00556@streambee.com,Carla Pérez,España,25-34
U00557,user00557@streambee.com,Hugo Romero,Francia,35-44
U00558,user00558@streambee.com,Irene Sánchez,Francia,18-24
U00559,user00559@streambee.com,Carla López,Alemania,35-44
U00560,user00560@streambee.com,Bruno Pérez,Argentina,55+
U00561,user00561@streambee.com,Sergio Pérez,España,55+
U00562,user00562@streambee.com,Lucía Ruiz,Portugal,18-24
U00563,user00563@streambee.com,Carla García,Portugal,18-24
U00564,user00564@streambee.com,Bruno Martín,España,18-24
U00565,user00565@streambee.com,Bruno Navarro,España,45-54
U00566,user00566@streambee.com,Jorge Sánchez,España,18-24
U00567,user00567@streambee.com,Sofía Díaz,Portugal,25-34
U00568,user00568@streambee.com,Hugo López,España,25-34
U00569,user00569@streambee.com,Pablo Romero,Portugal,25-34
U00570,user00570@streambee.com,Lucía Ruiz,México,18-24
U00571,user00571@streambee.com,Bruno López,España,45-54
U00572,user00572@streambee.com,Bruno Díaz,España,35-44
U00573,user00573@streambee.com,Bruno López,México,25-34
U00574,user00574@streambee.com,Nuria Pérez,España,25-34
U00575,user00575@streambee.com,Carla Martín,Francia,25-34
U00576,user00576@streambee.com,Marta Martín,Portugal,18-24
U00577,user00577@streambee.com,Sofía García,Portugal,18-24
U00578,user00578@streambee.com,Sergio Díaz,España,25-34
U00579,user00579@streambee.com,Laura Sánchez,Alemania,35-44
U00580,user00580@streambee.com,Lucía Hernández,Alemania,25-34
U00581,user00581@streambee.com,Lucía Navarro,España,45-54
U00582,user00582@streambee.com,Marta Sánchez,España,45-54
U00583,user00583@streambee.com,Carla Ruiz,Portugal,18-24
U00584,user00584@streambee.com,Lucía Romero,Italia,55+
U00585,user00585@streambee.com,Irene Pérez,Argentina,45-54
U00586,user00586@streambee.com,Sofía López,Reino Unido,35-44
U00587,user00587@streambee.com,Pablo Hernández,España,35-44
U00588,user00588@streambee.com,David Sánchez,Francia,35-44
U00589,user00589@streambee.com,Mario Díaz,Francia,18-24
U00590,user00590@streambee.com,David Hernández,México,25-34
U00591,user00591@streambee.com,Lucía García,México,45-54
U00592,user00592@streambee.com,Bruno Navarro,Portugal,35-44
U00593,user00593@streambee.com,Carla Pérez,México,25-34
U00594,user00594@streambee.com,Sergio Díaz,Italia,25-34
U00595,user00595@streambee.com,Hugo Sánchez,España,18-24
U00596,user00596@streambee.com,Carla Hernández,España,18-24
U00597,user00597@streambee.com,Carla Ruiz,Italia,25-34
U00598,user00598@streambee.com,David Ruiz,España,35-44
U00599,user00599@streambee.com,Sofía Romero,Argentina,45-54
U00600,user00600@streambee.com,Irene García,Francia,25-34
U00601,user00601@streambee.com,Irene Díaz,Reino Unido,25-34
U00602,user00602@streambee.com,Bruno Pérez,Francia,35-44
U00603,user00603@streambee.com,Irene Pérez,México,45-54
U00604,user00604@streambee.com,Pablo Sánchez,España,45-54
U00605,user00605@streambee.com,Pablo Martín,Italia,25-34
U00606,user00606@streambee.com,Pablo López,España,18-24
U00607,user00607@streambee.com,Marta Navarro,España,35-44
U00608,user00608@streambee.com,Marta García,España,35-44
U00609,user00609@streambee.com,David Díaz,México,18-24
U00610,user00610@streambee.com,Sofía García,México,55+
U00611,user00611@streambee.com,Marta Ruiz,Portugal,55+
U00612,user00612@streambee.com,Carla Díaz,Argentina,18-24
U00613,user00613@streambee.com,Carla Díaz,Reino Unido,18-24
U00614,user00614@streambee.com,Bruno Pérez,Reino Unido,55+
U00615,user00615@streambee.com,Sergio Hernández,Francia,35-44
U00616,user00616@streambee.com,Mario Sánchez,Italia,25-34
U00617,user00617@streambee.com,David Pérez,Reino Unido,18-24
U00618,user00618@streambee.com,Sergio García,México,25-34
U00619,user00619@streambee.com,Laura Ruiz,Francia,35-44
U00620,user00620@streambee.com,Sofía Díaz,España,35-44
U00621,user00621@streambee.com,Lucía Díaz,España,55+
U00622,user00622@streambee.com,Pablo Hernández,Francia,35-44
U00623,user00623@streambee.com,Bruno Ruiz,México,55+
U00624,user00624@streambee.com,Nuria Díaz,Argentina,35-44
U00625,user00625@streambee.com,Sofía García,Alemania,25-34
U00626,user00626@streambee.com,Mario Navarro,Reino Unido,35-44
U00627,user00627@streambee.com,Pablo Díaz,Argentina,25-34
U00628,user00628@streambee.com,Hugo Díaz,España,18-24
U00629,user00629@streambee.com,Mario Sánchez,México,35-44
U00630,user00630@streambee.com,Carla Díaz,España,55+
U00631,user00631@streambee.com,Pablo Hernández,España,45-54
U00632,user00632@streambee.com,Mario Díaz,Reino Unido,25-34
U00633,user00633@streambee.com,Sofía Romero,México,45-54
U00634,user00634@streambee.com,Elena García,España,25-34
U00635,user00635@streambee.com,Jorge Navarro,Reino Unido,45-54
U00636,user00636@streambee.com,Pablo Pérez,España,55+
U00637,user00637@streambee.com,Carla Navarro,Francia,18-24
U00638,user00638@streambee.com,Elena Ruiz,España,18-24
U00639,user00639@streambee.com,Jorge Hernández,Francia,45-54
U00640,user00640@streambee.com,Ana Sánchez,Reino Unido,35-44
U00641,user00641@streambee.com,Bruno Díaz,México,55+
U00642,user00642@streambee.com,Mario Martín,España,45-54
U00643,user00643@streambee.com,Carla López,España,25-34
U00644,user00644@streambee.com,Irene Sánchez,España,45-54
U00645,user00645@streambee.com,Lucía Hernández,España,18-24
U00646,user00646@streambee.com,Hugo Díaz,España,25-34
U00647,user00647@streambee.com,Jorge Pérez,Argentina,35-44
U00648,user00648@streambee.com,Pablo Navarro,Francia,18-24
U00649,user00649@streambee.com,Lucía Sánchez,Alemania,55+
U00650,user00650@streambee.com,Nuria Hernández,Reino Unido,35-44
U00651,user00651@streambee.com,Bruno Pérez,Argentina,55+
U00652,user00652@streambee.com,Nuria Sánchez,España,45-54
U00653,user00653@streambee.com,Carla Hernández,Alemania,25-34
U00654,user00654@streambee.com,Hugo Ruiz,México,25-34
U00655,user00655@streambee.com,David Ruiz,España,45-54
U00656,user00656@streambee.com,Sofía Hernández,España,45-54
U00657,user00657@streambee.com,Sergio Martín,Francia,55+
U00658,user00658@streambee.com,Sofía Ruiz,España,55+
U00659,user00659@streambee.com,Ana Martín,España,55+
U00660,user00660@streambee.com,Nuria García,España,18-24
U00661,user00661@streambee.com,Ana Hernández,España,18-24
U00662,user00662@streambee.com,Ana Hernández,Italia,25-34
U00663,user00663@streambee.com,Jorge Sánchez,Argentina,18-24
U00664,user00664@streambee.com,Lucía Navarro,Alemania,45-54
U00665,user00665@streambee.com,Marta García,Reino Unido,45-54
U00666,user00666@streambee.com,Sofía Sánchez,México,55+
U00667,user00667@streambee.com,Ana Sánchez,Francia,55+
U00668,user00668@streambee.com,Sofía García,Francia,35-44
U00669,user00669@streambee.com,Mario Romero,España,35-44
U00670,user00670@streambee.com,Hugo García,España,35-44
U00671,user00671@streambee.com,Lucía López,España,55+
U00672,user00672@streambee.com,Marta Sánchez,Italia,55+
U00673,user00673@streambee.com,Ana Ruiz,México,35-44
U00674,user00674@streambee.com,Hugo Pérez,España,18-24
U00675,user00675@streambee.com,Jorge Díaz,España,55+
U00676,user00676@streambee.com,Jorge Martín,Argentina,45-54
U00677,user00677@streambee.com,Sofía García,España,45-54
U00678,user00678@streambee.com,Pablo Romero,México,55+
U00679,user00679@streambee.com,Sergio Romero,México,45-54
U00680,user00680@streambee.com,Laura Navarro,México,18-24
U00681,user00681@streambee.com,Ana Martín,España,25-34
U00682,user00682@streambee.com,Laura Martín,México,18-24
U00683,user00683@streambee.com,Hugo Díaz,Francia,35-44
U00684,user00684@streambee.com,Ana Martín,Francia,18-24
U00685,user00685@streambee.com,Mario Hernández,México,55+
U00686,user00686@streambee.com,Marta Martín,Alemania,18-24
U00687,user00687@streambee.com,Nuria Ruiz,España,55+
U00688,user00688@streambee.com,Jorge López,México,45-54
U00689,user00689@streambee.com,Laura Pérez,Portugal,35-44
U00690,user00690@streambee.com,Hugo Hernández,España,25-34
U00691,user00691@streambee.com,Marta López,Argentina,18-24
U00692,user00692@streambee.com,Jorge Pérez,España,35-44
U00693,user00693@streambee.com,Carla Hernández,México,35-44
U00694,user00694@streambee.com,Laura Hernández,España,25-34
U00695,user00695@streambee.com,Marta Pérez,Francia,55+
U00696,user00696@streambee.com,Carla Ruiz,Portugal,55+
U00697,user00697@streambee.com,Hugo Hernández,España,25-34
U00698,user00698@streambee.com,Jorge Ruiz,España,35-44
U00699,user00699@streambee.com,Marta Ruiz,Francia,18-24
U00700,user00700@streambee.com,Sergio Ruiz,Reino Unido,18-24
U00701,user00701@streambee.com,Carla Martín,México,25-34
U00702,user00702@streambee.com,David Navarro,Francia,55+
U00703,user00703@streambee.com,Laura Pérez,España,18-24
U00704,user00704@streambee.com,Marta Romero,España,45-54
U00705,user00705@streambee.com,Elena Sánchez,Argentina,35-44
U00706,user00706@streambee.com,Ana Hernández,Alemania,18-24
U00707,user00707@streambee.com,Marta Martín,España,18-24
U00708,user00708@streambee.com,Laura Pérez,España,55+
U00709,user00709@streambee.com,Irene Ruiz,España,18-24
U00710,user00710@streambee.com,Hugo Hernández,Argentina,35-44
U00711,user00711@streambee.com,Mario Sánchez,México,25-34
U00712,user00712@streambee.com,Sergio Martín,España,35-44
U00713,user00713@streambee.com,Elena Díaz,España,25-34
U00714,user00714@streambee.com,Laura Ruiz,Francia,18-24
U00715,user00715@streambee.com,Mario Hernández,España,35-44
U00716,user00716@streambee.com,Irene Martín,Portugal,18-24
U00717,user00717@streambee.com,Hugo García,México,18-24
U00718,user00718@streambee.com,Bruno Hernández,Italia,18-24
U00719,user00719@streambee.com,Hugo Pérez,España,55+
U00720,user00720@streambee.com,Sergio García,España,35-44
U00721,user00721@streambee.com,Sofía Sánchez,España,45-54
U00722,user00722@streambee.com,Bruno Pérez,Portugal,45-54
U00723,user00723@streambee.com,Marta Ruiz,Portugal,25-34
U00724,user00724@streambee.com,Sergio Martín,España,45-54
U00725,user00725@streambee.com,Pablo García,España,45-54
U00726,user00726@streambee.com,Pablo Romero,España,35-44
U00727,user00727@streambee.com,Sofía Navarro,México,45-54
U00728,user00728@streambee.com,Hugo García,España,55+
U00729,user00729@streambee.com,Hugo Ruiz,Argentina,45-54
U00730,user00730@streambee.com,Nuria Hernández,Portugal,35-44
U00731,user00731@streambee.com,Marta Navarro,Reino Unido,35-44
U00732,user00732@streambee.com,Lucía García,Alemania,35-44
U00733,user00733@streambee.com,Laura Martín,Reino Unido,35-44
U00734,user00734@streambee.com,Nuria Pérez,Argentina,45-54
U00735,user00735@streambee.com,Laura Sánchez,Argentina,18-24
U00736,user00736@streambee.com,Nuria Pérez,España,45-54
U00737,user00737@streambee.com,Nuria López,Francia,55+
U00738,user00738@streambee.com,Bruno García,España,55+
U00739,user00739@streambee.com,Irene Romero,México,25-34
U00740,user00740@streambee.com,Bruno García,España,45-54
U00741,user00741@streambee.com,Sergio Martín,España,45-54
U00742,user00742@streambee.com,Irene Hernández,Alemania,35-44
U00743,user00743@streambee.com,Lucía Ruiz,Argentina,45-54
U00744,user00744@streambee.com,Ana Pérez,Argentina,18-24
U00745,user00745@streambee.com,Carla Navarro,México,45-54
U00746,user00746@streambee.com,Jorge Romero,Francia,55+
U00747,user00747@streambee.com,Laura Romero,España,25-34
U00748,user00748@streambee.com,Jorge Romero,Italia,55+
U00749,user00749@streambee.com,Ana Romero,Francia,25-34
U00750,user00750@streambee.com,Laura Ruiz,Argentina,18-24
U00751,user00751@streambee.com,Sofía Ruiz,España,25-34
U00752,user00752@streambee.com,Ana García,Francia,45-54
U00753,user00753@streambee.com,David Martín,Alemania,35-44
U00754,user00754@streambee.com,Bruno Sánchez,España,55+
U00755,user00755@streambee.com,David Pérez,España,35-44
U00756,user00756@streambee.com,David Ruiz,Reino Unido,25-34
U00757,user00757@streambee.com,Sergio Pérez,México,25-34
U00758,user00758@streambee.com,Sofía Martín,Italia,55+
U00759,user00759@streambee.com,Sergio Hernández,Argentina,45-54
U00760,user00760@streambee.com,Hugo Hernández,Francia,45-54
U00761,user00761@streambee.com,Irene Díaz,México,45-54
U00762,user00762@streambee.com,Lucía García,España,45-54
U00763,user00763@streambee.com,Ana García,España,18-24
U00764,user00764@streambee.com,Marta Sánchez,Francia,45-54
U00765,user00765@streambee.com,David Díaz,España,55+
U00766,user00766@streambee.com,Hugo Hernández,Reino Unido,25-34
U00767,user00767@streambee.com,Sofía Romero,España,55+
U00768,user00768@streambee.com,Laura Díaz,España,18-24
U00769,user00769@streambee.com,Pablo Romero,España,18-24
U00770,user00770@streambee.com,Carla Ruiz,España,18-24
U00771,user00771@streambee.com,Sofía García,España,25-34
U00772,user00772@streambee.com,Nuria Romero,España,35-44
U00773,user00773@streambee.com,Ana Hernández,España,45-54
U00774,user00774@streambee.com,Hugo Sánchez,España,25-34
U00775,user00775@streambee.com,Sofía Hernández,Francia,25-34
U00776,user00776@streambee.com,Bruno Hernández,Reino Unido,25-34
U00777,user00777@streambee.com,Marta Hernández,México,55+
U00778,user00778@streambee.com,Sergio Sánchez,España,55+
U00779,user00779@streambee.com,Ana Martín,Reino Unido,55+
U00780,user00780@streambee.com,Irene Ruiz,España,55+
U00781,user00781@streambee.com,Ana Romero,Italia,35-44
U00782,user00782@streambee.com,Irene Hernández,Alemania,18-24
U00783,user00783@streambee.com,Marta López,México,55+
U00784,user00784@streambee.com,Carla Díaz,España,35-44
U00785,user00785@streambee.com,David Ruiz,Argentina,25-34
U00786,user00786@streambee.com,Marta Sánchez,Italia,18-24
U00787,user00787@streambee.com,David Hernández,Francia,45-54
U00788,user00788@streambee.com,Marta Ruiz,España,25-34
U00789,user00789@streambee.com,Mario Romero,España,25-34
U00790,user00790@streambee.com,Bruno López,Reino Unido,18-24
U00791,user00791@streambee.com,Lucía Díaz,México,35-44
U00792,user00792@streambee.com,Irene Navarro,España,35-44
U00793,user00793@streambee.com,Hugo López,Argentina,25-34
U00794,user00794@streambee.com,Sofía Ruiz,México,45-54
U00795,user00795@streambee.com,Elena García,España,45-54
U00796,user00796@streambee.com,Elena García,España,45-54
U00797,user00797@streambee.com,Jorge Martín,Reino Unido,35-44
U00798,user00798@streambee.com,Mario Sánchez,Italia,25-34
U00799,user00799@streambee.com,Jorge Sánchez,España,55+
U00800,user00800@streambee.com,Mario Ruiz,España,25-34
U00801,user00801@streambee.com,Pablo Pérez,España,45-54
U00802,user00802@streambee.com,Mario Díaz,España,18-24
U00803,user00803@streambee.com,Carla Hernández,España,45-54
U00804,user00804@streambee.com,Hugo Navarro,México,18-24
U00805,user00805@streambee.com,Bruno García,Argentina,35-44
U00806,user00806@streambee.com,Mario López,España,18-24
U00807,user00807@streambee.com,Carla García,Reino Unido,35-44
U00808,user00808@streambee.com,Jorge Martín,México,55+
U00809,user00809@streambee.com,Ana García,España,25-34
U00810,user00810@streambee.com,Carla Sánchez,España,45-54
U00811,user00811@streambee.com,Lucía López,Italia,45-54
U00812,user00812@streambee.com,Carla Martín,Portugal,45-54
U00813,user00813@streambee.com,Carla García,Portugal,45-54
U00814,user00814@streambee.com,Carla Sánchez,México,55+
U00815,user00815@streambee.com,David Pérez,España,25-34
U00816,user00816@streambee.com,Marta Díaz,Alemania,18-24
U00817,user00817@streambee.com,Hugo Martín,España,55+
U00818,user00818@streambee.com,Elena Pérez,España,18-24
U00819,user00819@streambee.com,Ana Sánchez,España,35-44
U00820,user00820@streambee.com,Nuria Sánchez,Portugal,35-44
U00821,user00821@streambee.com,Nuria Sánchez,Italia,35-44
U00822,user00822@streambee.com,David Romero,España,45-54
U00823,user00823@streambee.com,Hugo García,México,45-54
U00824,user00824@streambee.com,Sergio Hernández,México,55+
U00825,user00825@streambee.com,Elena Romero,Francia,18-24
U00826,user00826@streambee.com,Lucía Pérez,España,45-54
U00827,user00827@streambee.com,Jorge Romero,México,25-34
U00828,user00828@streambee.com,Nuria Ruiz,España,55+
U00829,user00829@streambee.com,Mario Hernández,España,35-44
U00830,user00830@streambee.com,Sergio Navarro,España,18-24
U00831,user00831@streambee.com,Laura López,México,25-34
U00832,user00832@streambee.com,Sofía Romero,España,35-44
U00833,user00833@streambee.com,Lucía Ruiz,Portugal,55+
U00834,user00834@streambee.com,Ana Ruiz,Reino Unido,25-34
U00835,user00835@streambee.com,Ana Romero,Italia,35-44
U00836,user00836@streambee.com,Ana Hernández,México,18-24
U00837,user00837@streambee.com,Ana Navarro,España,55+
U00838,user00838@streambee.com,Pablo Ruiz,España,35-44
U00839,user00839@streambee.com,Sergio Pérez,Argentina,25-34
U00840,user00840@streambee.com,Elena Sánchez,España,45-54
U00841,user00841@streambee.com,David Hernández,México,35-44
U00842,user00842@streambee.com,Nuria Hernández,Reino Unido,45-54
U00843,user00843@streambee.com,Elena García,España,55+
U00844,user00844@streambee.com,Sergio Pérez,España,55+
U00845,user00845@streambee.com,Nuria García,Italia,18-24
U00846,user00846@streambee.com,Laura García,México,45-54
U00847,user00847@streambee.com,Mario Hernández,Argentina,45-54
U00848,user00848@streambee.com,Marta García,España,45-54
U00849,user00849@streambee.com,Sergio López,España,45-54
U00850,user00850@streambee.com,Mario Sánchez,Italia,45-54
U00851,user00851@streambee.com,David Romero,Reino Unido,55+
U00852,user00852@streambee.com,Mario López,Argentina,25-34
U00853,user00853@streambee.com,Pablo Romero,México,35-44
U00854,user00854@streambee.com,Lucía Romero,México,55+
U00855,user00855@streambee.com,Lucía García,Argentina,55+
U00856,user00856@streambee.com,Lucía Pérez,España,18-24
U00857,user00857@streambee.com,Irene López,España,55+
U00858,user00858@streambee.com,Mario López,Argentina,25-34
U00859,user00859@streambee.com,Jorge Sánchez,España,18-24
U00860,user00860@streambee.com,Elena Sánchez,España,18-24
U00861,user00861@streambee.com,Lucía García,España,25-34
U00862,user00862@streambee.com,Irene Martín,Portugal,25-34
U00863,user00863@streambee.com,Elena Ruiz,España,18-24
U00864,user00864@streambee.com,Nuria García,España,45-54
U00865,user00865@streambee.com,Sergio Díaz,Italia,35-44
U00866,user00866@streambee.com,Marta Ruiz,Reino Unido,35-44
U00867,user00867@streambee.com,Nuria Díaz,Alemania,35-44
U00868,user00868@streambee.com,Sergio Navarro,México,45-54
U00869,user00869@streambee.com,Hugo Martín,Argentina,55+
U00870,user00870@streambee.com,Carla Díaz,México,25-34
U00871,user00871@streambee.com,Sofía Romero,Francia,35-44
U00872,user00872@streambee.com,Bruno Martín,Reino Unido,35-44
U00873,user00873@streambee.com,Sofía Sánchez,Reino Unido,45-54
U00874,user00874@streambee.com,Ana Navarro,Reino Unido,45-54
U00875,user00875@streambee.com,Hugo Sánchez,México,55+
U00876,user00876@streambee.com,Laura Martín,España,35-44
U00877,user00877@streambee.com,Bruno Romero,Alemania,35-44
U00878,user00878@streambee.com,Carla Martín,Argentina,55+
U00879,user00879@streambee.com,Carla Pérez,España,25-34
U00880,user00880@streambee.com,Nuria López,España,55+
U00881,user00881@streambee.com,Elena Díaz,Italia,35-44
U00882,user00882@streambee.com,Hugo Sánchez,Reino Unido,35-44
U00883,user00883@streambee.com,Lucía García,Reino Unido,35-44
U00884,user00884@streambee.com,Nuria Navarro,España,35-44
U00885,user00885@streambee.com,Bruno Sánchez,España,45-54
U00886,user00886@streambee.com,David Ruiz,España,45-54
U00887,user00887@streambee.com,Sofía Hernández,España,45-54
U00888,user00888@streambee.com,Bruno García,España,45-54
U00889,user00889@streambee.com,Pablo Ruiz,España,35-44
U00890,user00890@streambee.com,Mario Ruiz,España,35-44
U00891,user00891@streambee.com,Irene Díaz,Italia,45-54
U00892,user00892@streambee.com,Lucía García,España,25-34
U00893,user00893@streambee.com,David Hernández,Alemania,25-34
U00894,user00894@streambee.com,Lucía Martín,Argentina,25-34
U00895,user00895@streambee.com,Irene Ruiz,Francia,25-34
U00896,user00896@streambee.com,Pablo Sánchez,Portugal,45-54
U00897,user00897@streambee.com,Mario García,España,45-54
U00898,user00898@streambee.com,Sofía López,España,45-54
U00899,user00899@streambee.com,Sergio Hernández,España,25-34
U00900,user00900@streambee.com,Sofía Navarro,Francia,45-54
U00901,user00901@streambee.com,Lucía Hernández,México,45-54
U00902,user00902@streambee.com,Mario García,Francia,18-24
U00903,user00903@streambee.com,Elena Martín,España,55+
U00904,user00904@streambee.com,Pablo López,Italia,25-34
U00905,user00905@streambee.com,Nuria Navarro,Italia,35-44
U00906,user00906@streambee.com,Pablo Martín,España,18-24
U00907,user00907@streambee.com,Carla Hernández,Portugal,25-34
U00908,user00908@streambee.com,Sofía Ruiz,México,45-54
U00909,user00909@streambee.com,Sergio Díaz,España,35-44
U00910,user00910@streambee.com,Jorge Sánchez,Portugal,55+
U00911,user00911@streambee.com,Marta Martín,España,18-24
U00912,user00912@streambee.com,Pablo Romero,México,45-54
U00913,user00913@streambee.com,Elena García,Francia,18-24
U00914,user00914@streambee.com,Mario García,Italia,45-54
U00915,user00915@streambee.com,Sofía López,España,35-44
U00916,user00916@streambee.com,Elena Ruiz,Argentina,55+
U00917,user00917@streambee.com,Sergio Navarro,Alemania,35-44
U00918,user00918@streambee.com,David Pérez,Francia,55+
U00919,user00919@streambee.com,Pablo López,Reino Unido,45-54
U00920,user00920@streambee.com,David Sánchez,Alemania,45-54
U00921,user00921@streambee.com,Hugo Navarro,España,45-54
U00922,user00922@streambee.com,Hugo Hernández,España,35-44
U00923,user00923@streambee.com,Elena Hernández,España,35-44
U00924,user00924@streambee.com,Hugo López,México,35-44
U00925,user00925@streambee.com,Bruno Navarro,España,25-34
U00926,user00926@streambee.com,Laura Pérez,Portugal,18-24
U00927,user00927@streambee.com,Mario García,España,18-24
U00928,user00928@streambee.com,Laura Romero,Reino Unido,35-44
U00929,user00929@streambee.com,David Hernández,Reino Unido,55+
U00930,user00930@streambee.com,David Hernández,España,55+
U00931,user00931@streambee.com,Pablo Hernández,Argentina,45-54
U00932,user00932@streambee.com,Sergio Sánchez,México,55+
U00933,user00933@streambee.com,Nuria Romero,España,18-24
U00934,user00934@streambee.com,Bruno Martín,Francia,18-24
U00935,user00935@streambee.com,Nuria Ruiz,Argentina,18-24
U00936,user00936@streambee.com,Pablo López,España,18-24
U00937,user00937@streambee.com,Pablo Díaz,España,18-24
U00938,user00938@streambee.com,Ana Navarro,México,25-34
U00939,user00939@streambee.com,David Pérez,Italia,45-54
U00940,user00940@streambee.com,Mario Navarro,España,55+
U00941,user00941@streambee.com,Bruno Ruiz,España,45-54
U00942,user00942@streambee.com,Irene López,Alemania,45-54
U00943,user00943@streambee.com,Jorge López,España,25-34
U00944,user00944@streambee.com,Lucía Hernández,Francia,55+
U00945,user00945@streambee.com,Lucía Martín,Portugal,18-24
U00946,user00946@streambee.com,Carla Pérez,Argentina,45-54
U00947,user00947@streambee.com,Ana Díaz,España,18-24
U00948,user00948@streambee.com,David García,España,35-44
U00949,user00949@streambee.com,Mario Díaz,Argentina,55+
U00950,user00950@streambee.com,Laura Navarro,Argentina,55+
U00951,user00951@streambee.com,Bruno Pérez,España,25-34
U00952,user00952@streambee.com,Nuria Hernández,España,55+
U00953,user00953@streambee.com,Sofía Sánchez,Italia,55+
U00954,user00954@streambee.com,Sofía Sánchez,Argentina,18-24
U00955,user00955@streambee.com,Hugo Romero,Francia,25-34
U00956,user00956@streambee.com,Lucía Navarro,España,35-44
U00957,user00957@streambee.com,Sofía Martín,Reino Unido,18-24
U00958,user00958@streambee.com,Marta Martín,España,25-34
U00959,user00959@streambee.com,Sofía Romero,España,45-54
U00960,user00960@streambee.com,Jorge Ruiz,Argentina,35-44
U00961,user00961@streambee.com,Nuria García,España,25-34
U00962,user00962@streambee.com,Marta García,Italia,18-24
U00963,user00963@streambee.com,Mario Díaz,México,35-44
U00964,user00964@streambee.com,Sergio Díaz,España,18-24
U00965,user00965@streambee.com,Elena Romero,España,25-34
U00966,user00966@streambee.com,Bruno Hernández,Reino Unido,45-54
U00967,user00967@streambee.com,Lucía López,Portugal,18-24
U00968,user00968@streambee.com,Hugo Navarro,Portugal,25-34
U00969,user00969@streambee.com,Sofía Díaz,España,35-44
U00970,user00970@streambee.com,Sergio López,España,18-24
U00971,user00971@streambee.com,Sergio Pérez,España,18-24
U00972,user00972@streambee.com,Carla Navarro,México,35-44
U00973,user00973@streambee.com,Nuria López,España,55+
U00974,user00974@streambee.com,Lucía García,España,55+
U00975,user00975@streambee.com,Hugo Hernández,España,55+
U00976,user00976@streambee.com,Laura Díaz,España,35-44
U00977,user00977@streambee.com,Nuria Romero,España,35-44
U00978,user00978@streambee.com,Nuria García,España,25-34
U00979,user00979@streambee.com,Lucía Navarro,México,18-24
U00980,user00980@streambee.com,Sergio López,España,55+
U00981,user00981@streambee.com,Lucía Sánchez,España,55+
U00982,user00982@streambee.com,Ana Martín,España,55+
U00983,user00983@streambee.com,Carla Sánchez,España,25-34
U00984,user00984@streambee.com,Bruno Ruiz,Italia,45-54
U00985,user00985@streambee.com,Lucía García,Italia,35-44
U00986,user00986@streambee.com,Nuria Navarro,México,55+
U00987,user00987@streambee.com,Ana Hernández,Italia,25-34
U00988,user00988@streambee.com,Mario Navarro,España,18-24
U00989,user00989@streambee.com,Marta Hernández,Portugal,35-44
U00990,user00990@streambee.com,Nuria Hernández,Argentina,25-34
U00991,user00991@streambee.com,Carla López,Argentina,55+
U00992,user00992@streambee.com,Bruno Díaz,Italia,55+
U00993,user00993@streambee.com,Jorge Ruiz,España,55+
U00994,user00994@streambee.com,Mario Hernández,Francia,25-34
U00995,user00995@streambee.com,Hugo Navarro,Portugal,25-34
U00996,user00996@streambee.com,Hugo Navarro,Reino Unido,45-54
U00997,user00997@streambee.com,Sergio Sánchez,Italia,25-34
U00998,user00998@streambee.com,David López,Italia,55+
U00999,user00999@streambee.com,Sofía López,España,55+
U01000,user01000@streambee.com,Sergio López,Alemania,45-54
U01001,user01001@streambee.com,Mario López,España,18-24
U01002,user01002@streambee.com,Irene Martín,Reino Unido,18-24
U01003,user01003@streambee.com,Carla García,España,55+
U01004,user01004@streambee.com,David Sánchez,Reino Unido,18-24
U01005,user01005@streambee.com,Lucía Sánchez,Francia,25-34
U01006,user01006@streambee.com,Ana Navarro,Argentina,25-34
U01007,user01007@streambee.com,Ana Sánchez,Alemania,25-34
U01008,user01008@streambee.com,Elena García,España,45-54
U01009,user01009@streambee.com,Ana Romero,Italia,25-34
U01010,user01010@streambee.com,Jorge López,Francia,55+
U01011,user01011@streambee.com,Ana Martín,España,25-34
U01012,user01012@streambee.com,Carla López,Francia,18-24
U01013,user01013@streambee.com,Jorge García,Portugal,35-44
U01014,user01014@streambee.com,Ana Hernández,Reino Unido,18-24
U01015,user01015@streambee.com,Lucía Romero,Argentina,25-34
U01016,user01016@streambee.com,Lucía García,Portugal,45-54
U01017,user01017@streambee.com,Sofía Ruiz,España,55+
U01018,user01018@streambee.com,Elena Navarro,México,55+
U01019,user01019@streambee.com,Lucía Martín,España,18-24
U01020,user01020@streambee.com,Bruno Ruiz,España,55+
U01021,user01021@streambee.com,Elena Navarro,México,25-34
U01022,user01022@streambee.com,Elena García,Alemania,55+
U01023,user01023@streambee.com,Sofía Sánchez,España,45-54
U01024,user01024@streambee.com,Lucía Martín,Francia,45-54
U01025,user01025@streambee.com,Hugo López,España,25-34
U01026,user01026@streambee.com,Marta García,España,35-44
U01027,user01027@streambee.com,Carla Hernández,México,35-44
U01028,user01028@streambee.com,Ana Romero,Argentina,45-54
U01029,user01029@streambee.com,Ana García,Italia,25-34
U01030,user01030@streambee.com,Irene Pérez,Francia,25-34
U01031,user01031@streambee.com,Ana Sánchez,Portugal,45-54
U01032,user01032@streambee.com,Ana Navarro,España,25-34
U01033,user01033@streambee.com,Lucía Hernández,Argentina,45-54
U01034,user01034@streambee.com,Elena López,México,55+
U01035,user01035@streambee.com,Laura Sánchez,Italia,35-44
U01036,user01036@streambee.com,Carla Sánchez,España,35-44
U01037,user01037@streambee.com,Ana Sánchez,México,25-34
U01038,user01038@streambee.com,Bruno Pérez,Italia,18-24
U01039,user01039@streambee.com,Pablo Navarro,España,18-24
U01040,user01040@streambee.com,Elena Hernández,Argentina,18-24
U01041,user01041@streambee.com,Lucía Sánchez,España,35-44
U01042,user01042@streambee.com,Carla Martín,Argentina,55+
U01043,user01043@streambee.com,Lucía Hernández,Alemania,45-54
U01044,user01044@streambee.com,Elena Navarro,Francia,18-24
U01045,user01045@streambee.com,Carla Navarro,España,25-34
U01046,user01046@streambee.com,Ana Navarro,Reino Unido,45-54
U01047,user01047@streambee.com,Marta Sánchez,Reino Unido,25-34
U01048,user01048@streambee.com,Ana Sánchez,España,55+
U01049,user01049@streambee.com,Mario Sánchez,Argentina,55+
U01050,user01050@streambee.com,Marta Ruiz,Argentina,25-34
U01051,user01051@streambee.com,David Ruiz,Argentina,55+
U01052,user01052@streambee.com,Carla Navarro,España,18-24
U01053,user01053@streambee.com,Bruno Navarro,Italia,25-34
U01054,user01054@streambee.com,Lucía Sánchez,Portugal,45-54
U01055,user01055@streambee.com,Sofía Díaz,España,45-54
U01056,user01056@streambee.com,Jorge Hernández,España,25-34
U01057,user01057@streambee.com,David Díaz,Francia,45-54
U01058,user01058@streambee.com,Marta Pérez,México,25-34
U01059,user01059@streambee.com,Sofía Sánchez,España,55+
U01060,user01060@streambee.com,David Romero,España,25-34
U01061,user01061@streambee.com,Carla Pérez,España,35-44
U01062,user01062@streambee.com,Elena Martín,México,55+
U01063,user01063@streambee.com,Bruno Díaz,Alemania,55+
U01064,user01064@streambee.com,Laura Navarro,España,18-24
U01065,user01065@streambee.com,Irene García,España,45-54
U01066,user01066@streambee.com,Sofía Díaz,Alemania,25-34
U01067,user01067@streambee.com,Nuria Sánchez,España,55+
U01068,user01068@streambee.com,Mario Pérez,España,45-54
U01069,user01069@streambee.com,Irene López,Portugal,18-24
U01070,user01070@streambee.com,Sergio Hernández,México,18-24
U01071,user01071@streambee.com,Sofía Navarro,Argentina,25-34
U01072,user01072@streambee.com,Jorge Martín,Alemania,35-44
U01073,user01073@streambee.com,Carla Díaz,Reino Unido,18-24
U01074,user01074@streambee.com,Carla Hernández,España,45-54
U01075,user01075@streambee.com,Laura García,Argentina,18-24
U01076,user01076@streambee.com,Sergio Díaz,Francia,45-54
U01077,user01077@streambee.com,Ana García,Argentina,35-44
U01078,user01078@streambee.com,Lucía Díaz,España,45-54
U01079,user01079@streambee.com,David Martín,Italia,35-44
U01080,user01080@streambee.com,Sofía Ruiz,España,45-54
U01081,user01081@streambee.com,Laura Sánchez,México,25-34
U01082,user01082@streambee.com,Bruno Martín,México,55+
U01083,user01083@streambee.com,Sergio Díaz,España,18-24
U01084,user01084@streambee.com,Sofía Pérez,Francia,55+
U01085,user01085@streambee.com,Sergio Ruiz,Alemania,35-44
U01086,user01086@streambee.com,Hugo Navarro,Alemania,25-34
U01087,user01087@streambee.com,Jorge García,España,25-34
U01088,user01088@streambee.com,Nuria Díaz,Francia,18-24
U01089,user01089@streambee.com,Irene Ruiz,España,18-24
U01090,user01090@streambee.com,Laura Sánchez,Argentina,45-54
U01091,user01091@streambee.com,Mario Ruiz,Reino Unido,25-34
U01092,user01092@streambee.com,Lucía Hernández,España,55+
U01093,user01093@streambee.com,Laura Ruiz,España,25-34
U01094,user01094@streambee.com,David Navarro,España,18-24
U01095,user01095@streambee.com,Sofía Sánchez,España,55+
U01096,user01096@streambee.com,David Navarro,Italia,18-24
U01097,user01097@streambee.com,Sergio Pérez,España,55+
U01098,user01098@streambee.com,Carla Díaz,Alemania,55+
U01099,user01099@streambee.com,Nuria Díaz,Italia,18-24
U01100,user01100@streambee.com,Hugo Sánchez,Reino Unido,35-44
U01101,user01101@streambee.com,Sergio Hernández,Argentina,18-24
U01102,user01102@streambee.com,Irene Ruiz,Reino Unido,55+
U01103,user01103@streambee.com,Pablo Martín,España,18-24
U01104,user01104@streambee.com,Sergio Ruiz,Argentina,35-44
U01105,user01105@streambee.com,Hugo Ruiz,Alemania,18-24
U01106,user01106@streambee.com,Carla Díaz,España,25-34
U01107,user01107@streambee.com,Mario Ruiz,México,45-54
U01108,user01108@streambee.com,Nuria García,España,25-34
U01109,user01109@streambee.com,Nuria Díaz,Francia,25-34
U01110,user01110@streambee.com,Ana López,Italia,55+
U01111,user01111@streambee.com,Bruno Navarro,España,35-44
U01112,user01112@streambee.com,David Romero,Francia,18-24
U01113,user01113@streambee.com,Lucía Navarro,Italia,35-44
U01114,user01114@streambee.com,Nuria Díaz,Reino Unido,25-34
U01115,user01115@streambee.com,Nuria García,España,18-24
U01116,user01116@streambee.com,Irene García,Francia,45-54
U01117,user01117@streambee.com,Elena Navarro,Reino Unido,55+
U01118,user01118@streambee.com,Hugo Díaz,Portugal,55+
U01119,user01119@streambee.com,Nuria López,España,55+
U01120,user01120@streambee.com,Mario Navarro,España,35-44
U01121,user01121@streambee.com,Ana Pérez,Italia,55+
U01122,user01122@streambee.com,Elena Martín,España,18-24
U01123,user01123@streambee.com,Ana García,Italia,45-54
U01124,user01124@streambee.com,Nuria Sánchez,España,25-34
U01125,user01125@streambee.com,Lucía Díaz,España,18-24
U01126,user01126@streambee.com,Sofía Ruiz,México,25-34
U01127,user01127@streambee.com,Sergio Martín,Francia,55+
U01128,user01128@streambee.com,Hugo López,Reino Unido,55+
U01129,user01129@streambee.com,Lucía Hernández,México,55+
U01130,user01130@streambee.com,Pablo Navarro,España,35-44
U01131,user01131@streambee.com,Mario Pérez,España,18-24
U01132,user01132@streambee.com,Bruno Sánchez,España,18-24
U01133,user01133@streambee.com,Sofía López,Reino Unido,45-54
U01134,user01134@streambee.com,Jorge López,España,35-44
U01135,user01135@streambee.com,Hugo Hernández,México,25-34
U01136,user01136@streambee.com,Sofía Hernández,Francia,55+
U01137,user01137@streambee.com,Elena Sánchez,Alemania,35-44
U01138,user01138@streambee.com,David Pérez,Francia,18-24
U01139,user01139@streambee.com,Sergio Pérez,Reino Unido,25-34
U01140,user01140@streambee.com,Nuria García,España,18-24
U01141,user01141@streambee.com,Mario Pérez,México,35-44
U01142,user01142@streambee.com,Carla López,Argentina,55+
U01143,user01143@streambee.com,Carla García,México,25-34
U01144,user01144@streambee.com,Mario Sánchez,España,55+
U01145,user01145@streambee.com,David Ruiz,España,55+
U01146,user01146@streambee.com,Elena Romero,México,35-44
U01147,user01147@streambee.com,Carla Díaz,México,55+
U01148,user01148@streambee.com,Sofía García,Reino Unido,35-44
U01149,user01149@streambee.com,Mario Hernández,España,45-54
U01150,user01150@streambee.com,Hugo Romero,México,35-44
U01151,user01151@streambee.com,Pablo Sánchez,México,25-34
U01152,user01152@streambee.com,Laura Díaz,España,25-34
U01153,user01153@streambee.com,Pablo García,Portugal,45-54
U01154,user01154@streambee.com,Carla Sánchez,México,45-54
U01155,user01155@streambee.com,Lucía Sánchez,Argentina,25-34
U01156,user01156@streambee.com,Sofía Sánchez,España,35-44
U01157,user01157@streambee.com,Elena Hernández,Portugal,25-34
U01158,user01158@streambee.com,Bruno García,España,55+
U01159,user01159@streambee.com,Hugo Hernández,Argentina,18-24
U01160,user01160@streambee.com,Sofía Martín,Reino Unido,35-44
U01161,user01161@streambee.com,Pablo Sánchez,España,45-54
U01162,user01162@streambee.com,Elena García,España,18-24
U01163,user01163@streambee.com,David López,España,25-34
U01164,user01164@streambee.com,Elena Ruiz,España,35-44
U01165,user01165@streambee.com,Marta García,Italia,45-54
U01166,user01166@streambee.com,Hugo López,Alemania,18-24
U01167,user01167@streambee.com,Nuria Díaz,Portugal,18-24
U01168,user01168@streambee.com,Bruno Romero,España,45-54
U01169,user01169@streambee.com,Mario Navarro,Reino Unido,18-24
U01170,user01170@streambee.com,Irene Ruiz,España,35-44
U01171,user01171@streambee.com,Bruno Sánchez,Portugal,18-24
U01172,user01172@streambee.com,Bruno Hernández,Alemania,25-34
U01173,user01173@streambee.com,Jorge Ruiz,Reino Unido,35-44
U01174,user01174@streambee.com,Marta Sánchez,México,45-54
U01175,user01175@streambee.com,Sergio Romero,Argentina,55+
U01176,user01176@streambee.com,Nuria Ruiz,España,25-34
U01177,user01177@streambee.com,Pablo Ruiz,España,25-34
U01178,user01178@streambee.com,Mario López,España,18-24
U01179,user01179@streambee.com,Ana García,Argentina,35-44
U01180,user01180@streambee.com,Carla Sánchez,España,25-34
U01181,user01181@streambee.com,Sofía Hernández,España,35-44
U01182,user01182@streambee.com,Pablo Díaz,Argentina,25-34
U01183,user01183@streambee.com,Mario Díaz,España,45-54
U01184,user01184@streambee.com,Marta García,Portugal,25-34
U01185,user01185@streambee.com,Laura Ruiz,España,18-24
U01186,user01186@streambee.com,Jorge Pérez,Argentina,18-24
U01187,user01187@streambee.com,Pablo Pérez,España,55+
U01188,user01188@streambee.com,Mario Ruiz,España,18-24
U01189,user01189@streambee.com,Jorge Martín,Portugal,35-44
U01190,user01190@streambee.com,Bruno Hernández,Francia,25-34
U01191,user01191@streambee.com,Carla García,España,55+
U01192,user01192@streambee.com,Sofía Romero,España,35-44
U01193,user01193@streambee.com,Sergio Sánchez,Argentina,35-44
U01194,user01194@streambee.com,Bruno Navarro,España,55+
U01195,user01195@streambee.com,Elena Romero,Italia,18-24
U01196,user01196@streambee.com,Irene Ruiz,Portugal,18-24
U01197,user01197@streambee.com,Sofía Navarro,España,45-54
U01198,user01198@streambee.com,Hugo Martín,España,55+
U01199,user01199@streambee.com,Hugo López,México,45-54
U01200,user01200@streambee.com,Pablo Martín,Francia,45-54
