PacienteID,NIF,PacienteNombre,Sexo,Edad,EdadGrupo
PA00001,53453438Q,Laura Sánchez,F,26,25-34
PA00002,45346279W,Carla Ruiz,F,77,65+
PA00003,36011714Q,Laura Ruiz,M,59,55-64
PA00004,27457737B,Sofía García,M,78,65+
PA00005,14066149N,Carla López,M,56,55-64
PA00006,69850243A,Laura Martín,F,20,15-24
PA00007,43096695Q,Mario Sánchez,F,33,25-34
PA00008,57120589Y,Pablo García,F,13,0-14
PA00009,43486157A,Jorge López,M,62,55-64
PA00010,76290821H,Mario Sánchez,F,27,25-34
PA00011,50689785L,Carla López,M,61,55-64
PA00012,83298449X,Irene Pérez,M,90,65+
PA00013,13307804R,Carla Martín,M,42,35-44
PA00014,77671456Q,Jorge Martín,M,19,15-24
PA00015,17190768S,Bruno Martín,F,77,65+
PA00016,22282144Y,Bruno Sánchez,M,55,55-64
PA00017,44725516D,Pablo Ruiz,M,80,65+
PA00018,75174765V,Sergio García,M,28,25-34
PA00019,70943816D,Jorge García,F,55,55-64
PA00020,67075475W,David Martín,M,77,65+
PA00021,30358013Z,Mario Hernández,M,7,0-14
PA00022,48672590N,Lucía Hernández,M,40,35-44
PA00023,83816289Q,Jorge García,M,49,45-54
PA00024,53081524J,Irene Romero,F,73,65+
PA00025,70398360L,Sergio Pérez,M,64,55-64
PA00026,31778458S,Hugo Díaz,F,58,55-64
PA00027,98903581S,Bruno López,F,8,0-14
PA00028,86228846W,Bruno Martín,F,84,65+
PA00029,32798119Y,Bruno García,M,19,15-24
PA00030,11472019S,Elena López,F,83,65+
PA00031,11187280S,Laura García,F,48,45-54
PA00032,63519013A,Irene Sánchez,M,3,0-14
PA00033,44546681B,Irene Martín,M,38,35-44
PA00034,18605233R,Jorge Díaz,M,77,65+
PA00035,17237677H,Irene Martín,M,37,35-44
PA00036,67948530X,Jorge Martín,M,77,65+
PA00037,75942458C,Marta Sánchez,F,67,65+
PA00038,71098008Y,Pablo Ruiz,M,15,15-24
PA00039,83704096D,Bruno Hernández,M,63,55-64
PA00040,83653170Q,Hugo Sánchez,M,83,65+
PA00041,18892310M,Irene Díaz,F,1,0-14
PA00042,35753819V,Marta Martín,F,54,45-54
PA00043,22264134G,Sofía Ruiz,F,24,15-24
PA00044,93922234L,Nuria Hernández,F,26,25-34
PA00045,75674943B,Carla Navarro,F,73,65+
PA00046,34879124N,Ana Díaz,M,30,25-34
PA00047,84780452L,Irene Martín,F,59,55-64
PA00048,90698603S,Jorge Pérez,F,43,35-44
PA00049,97877167Y,Sofía Martín,F,83,65+
PA00050,49178496M,David Navarro,M,47,45-54
PA00051,96019505Q,Sergio Pérez,F,23,15-24
PA00052,32381548P,David Romero,M,69,65+
PA00053,49980189C,Sofía Sánchez,M,5,0-14
PA00054,44213488T,Irene Sánchez,F,55,55-64
PA00055,83027917Z,Carla Ruiz,F,82,65+
PA00056,83481352T,Mario Martín,F,61,55-64
PA00057,86527830Z,Sergio Hernández,F,66,65+
PA00058,33173783Z,Hugo Martín,F,58,55-64
PA00059,59794153R,David Martín,F,14,0-14
PA00060,22240138T,Marta Pérez,F,39,35-44
PA00061,98794091N,Elena Martín,M,15,15-24
PA00062,74545466G,Nuria García,F,24,15-24
PA00063,46259630J,Nuria Pérez,F,39,35-44
PA00064,37549405C,Bruno Ruiz,F,13,0-14
PA00065,32506230W,Mario Hernández,F,47,45-54
PA00066,48860591B,Lucía Navarro,F,41,35-44
PA00067,75984582W,Ana Ruiz,F,7,0-14
PA00068,39523553N,Laura Hernández,F,78,65+
PA00069,15042678W,Carla Martín,M,90,65+
PA00070,90338909M,Mario Sánchez,M,18,15-24
PA00071,48278240H,Carla Díaz,M,24,15-24
PA00072,30405192E,Bruno Díaz,F,39,35-44
PA00073,96286484X,Laura Ruiz,M,88,65+
PA00074,58962248Z,Hugo Pérez,F,52,45-54
PA00075,53245841P,Nuria Sánchez,M,10,0-14
PA00076,64699217F,Marta García,F,81,65+
PA00077,41625774F,Laura López,F,53,45-54
PA00078,90553679H,Elena Ruiz,F,77,65+
PA00079,19139627L,Bruno López,F,59,55-64
PA00080,30848109T,Irene Díaz,M,43,35-44
PA00081,72910437K,David Sánchez,M,23,15-24
PA00082,54199111F,Bruno López,M,32,25-34
PA00083,48709831R,Nuria Romero,M,9,0-14
PA00084,25522371V,Pablo Sánchez,F,52,45-54
PA00085,57683428Q,Nuria Navarro,F,61,55-64
PA00086,48310265D,Sergio Romero,F,10,0-14
PA00087,25379614N,Mario Ruiz,F,83,65+
PA00088,41337640F,Pablo Ruiz,M,83,65+
PA00089,85815614Z,Carla Pérez,F,25,25-34
PA00090,14575338F,Elena Martín,M,78,65+
PA00091,30874656J,Marta Pérez,F,84,65+
PA00092,40916795T,Mario Hernández,M,53,45-54
PA00093,81068833B,Lucía López,M,71,65+
PA00094,88266579N,Nuria Díaz,F,40,35-44
PA00095,60298599Y,David Hernández,F,21,15-24
PA00096,68517911N,Lucía Hernández,F,13,0-14
PA00097,10673546V,Pablo Pérez,F,69,65+
PA00098,13434654Q,Mario Martín,M,20,15-24
PA00099,61689350W,Nuria García,M,55,55-64
PA00100,37086692P,Lucía Hernández,F,51,45-54
PA00101,30599306F,Marta Ruiz,F,68,65+
PA00102,16346002J,Carla Pérez,M,66,65+
PA00103,88585816Q,Nuria Navarro,F,90,65+
PA00104,71198761L,Mario Navarro,F,24,15-24
PA00105,18903851P,Sergio Sánchez,M,29,25-34
PA00106,53799325N,Nuria Sánchez,M,7,0-14
PA00107,63462996G,Sofía Romero,M,21,15-24
PA00108,99490552T,Carla Hernández,M,60,55-64
PA00109,70803670J,Irene Sánchez,F,13,0-14
PA00110,81533884F,Laura García,F,22,15-24
PA00111,11204450G,David García,F,41,35-44
PA00112,32507375T,Jorge Ruiz,M,19,15-24
PA00113,23474377F,Ana Díaz,M,75,65+
PA00114,69812916N,Pablo Sánchez,M,23,15-24
PA00115,92642310J,Lucía Ruiz,F,70,65+
PA00116,90557585Q,Pablo Ruiz,M,30,25-34
PA00117,45040295W,Mario Navarro,F,29,25-34
PA00118,40882021G,Carla Romero,F,24,15-24
PA00119,30069698R,Nuria Navarro,M,47,45-54
PA00120,36333425P,Nuria García,F,24,15-24
PA00121,45066867D,Mario Ruiz,F,74,65+
PA00122,90610193W,Mario Navarro,F,23,15-24
PA00123,19971820F,Irene García,F,44,35-44
PA00124,95183763L,Ana Ruiz,F,75,65+
PA00125,54287132X,Ana López,M,16,15-24
PA00126,91718111Q,Sofía Hernández,M,12,0-14
PA00127,85769968A,Sofía García,M,87,65+
PA00128,29671165C,Jorge Díaz,F,39,35-44
PA00129,87865435X,David Romero,M,5,0-14
PA00130,25331929R,Marta Ruiz,M,5,0-14
PA00131,22576746M,Ana Díaz,M,33,25-34
PA00132,41446728H,Sergio Martín,M,78,65+
PA00133,84253192C,Carla Navarro,F,50,45-54
PA00134,85182797J,Mario Hernández,M,10,0-14
PA00135,61310911V,David Ruiz,F,19,15-24
PA00136,55711911A,Marta Romero,M,42,35-44
PA00137,98502746Z,Pablo Navarro,M,85,65+
PA00138,87303241V,Ana Pérez,M,75,65+
PA00139,47091281D,Mario López,M,85,65+
PA00140,20299086F,Irene Díaz,M,86,65+
PA00141,55473683X,Bruno Navarro,M,87,65+
PA00142,32867541G,Ana Pérez,M,68,65+
PA00143,81792744E,Sergio García,F,19,15-24
PA00144,87400285D,Pablo Hernández,F,69,65+
PA00145,34816136K,Pablo García,F,53,45-54
PA00146,74645364N,Mario Martín,F,74,65+
PA00147,97699032E,Hugo Ruiz,F,74,65+
PA00148,37694943S,Elena Díaz,F,7,0-14
PA00149,84667149G,Sergio López,F,58,55-64
PA00150,41206501B,Nuria López,M,67,65+
PA00151,56090384Z,Nuria Martín,F,74,65+
PA00152,23525751G,Mario Romero,M,89,65+
PA00153,77806053E,Sergio Martín,F,19,15-24
PA00154,48529404L,Sofía Díaz,M,73,65+
PA00155,42300964G,Sergio Martín,F,41,35-44
PA00156,85323624N,Laura Martín,M,25,25-34
PA00157,55149536J,Carla Ruiz,M,42,35-44
PA00158,35551489W,Sergio Martín,F,87,65+
PA00159,40135655N,Elena Martín,F,42,35-44
PA00160,24386533R,Bruno Navarro,M,43,35-44
PA00161,31560585C,Sergio Díaz,M,55,55-64
PA00162,67228476T,Elena Martín,M,1,0-14
PA00163,96997713H,Sergio Navarro,F,56,55-64
PA00164,43484895P,Ana López,F,61,55-64
PA00165,92320626L,Laura Hernández,F,87,65+
PA00166,68138412V,Jorge Martín,M,17,15-24
PA00167,18511201Y,David Ruiz,M,75,65+
PA00168,90236377G,Sofía Sánchez,M,3,0-14
PA00169,67823226W,Marta Pérez,F,49,45-54
PA00170,43543976F,Bruno Hernández,M,61,55-64
PA00171,16105339X,Pablo Hernández,F,21,15-24
PA00172,64120563T,Bruno López,F,32,25-34
PA00173,78869893M,Laura García,M,40,35-44
PA00174,52367302T,Ana Romero,M,72,65+
PA00175,51421876B,Sofía Pérez,M,45,45-54
PA00176,82119171Q,Marta López,F,56,55-64
PA00177,94519096X,Carla López,F,8,0-14
PA00178,74014923V,Irene Pérez,F,34,25-34
PA00179,26983392E,Carla Romero,F,9,0-14
PA00180,76807634X,Nuria Navarro,M,56,55-64
PA00181,96900526F,Irene López,F,1,0-14
PA00182,33344263K,Ana Díaz,F,55,55-64
PA00183,27496874Q,Marta Romero,M,86,65+
PA00184,39980185X,Hugo García,M,5,0-14
PA00185,18154109P,Pablo Martín,F,61,55-64
PA00186,72782953H,Jorge Navarro,F,6,0-14
PA00187,50033169N,Marta Sánchez,M,8,0-14
PA00188,75874986Q,Pablo Hernández,M,63,55-64
PA00189,22730879C,Mario Díaz,F,10,0-14
PA00190,68254911Z,Sergio Sánchez,F,40,35-44
PA00191,10051189S,Sofía Ruiz,M,71,65+
PA00192,35756735E,Mario Sánchez,M,49,45-54
PA00193,74790051Z,Laura Hernández,M,88,65+
PA00194,14936000F,Carla Hernández,F,44,35-44
PA00195,26884312Z,Laura López,M,64,55-64
PA00196,38270011S,Irene Díaz,F,15,15-24
PA00197,55804172B,Bruno Ruiz,F,88,65+
PA00198,94140272A,Carla Pérez,M,72,65+
PA00199,33155314Z,Lucía Ruiz,M,65,65+
PA00200,27377640B,Pablo López,F,1,0-14
PA00201,74192380J,Pablo Navarro,F,31,25-34
PA00202,17924445D,Nuria Pérez,F,34,25-34
PA00203,12451830E,Pablo Sánchez,M,46,45-54
PA00204,30692185G,Marta Díaz,F,39,35-44
PA00205,23743636X,Sergio Sánchez,M,26,25-34
PA00206,23435729R,Lucía Díaz,F,27,25-34
PA00207,24745830E,Sergio Ruiz,M,6,0-14
PA00208,21887504Z,Ana Martín,M,86,65+
PA00209,76494650J,Nuria García,M,53,45-54
PA00210,25923906B,Carla López,M,22,15-24
PA00211,75568128A,Elena García,M,16,15-24
PA00212,97933962J,Pablo Sánchez,F,2,0-14
PA00213,57054873L,Irene Ruiz,M,24,15-24
PA00214,48711111D,Marta Hernández,M,21,15-24
PA00215,77070125K,Lucía García,M,40,35-44
PA00216,19631689V,Sofía Navarro,F,70,65+
PA00217,31744975E,Sofía Navarro,F,61,55-64
PA00218,95252828N,Hugo Ruiz,M,29,25-34
PA00219,34674485W,Mario Díaz,F,35,35-44
PA00220,56887525L,Bruno Ruiz,M,69,65+
PA00221,55090347H,Hugo Ruiz,F,71,65+
PA00222,85534004K,Pablo Navarro,M,70,65+
PA00223,56803712T,Mario Ruiz,F,34,25-34
PA00224,97647774E,Ana Sánchez,M,82,65+
PA00225,88375326T,Ana Romero,M,42,35-44
PA00226,56102145A,Hugo Hernández,F,66,65+
PA00227,70158570M,Pablo Martín,F,51,45-54
PA00228,57891612L,Mario García,F,54,45-54
PA00229,41039789E,Marta Navarro,F,36,35-44
PA00230,99451595J,Carla Hernández,F,43,35-44
PA00231,41764491F,Sergio López,F,48,45-54
PA00232,42482042K,Bruno López,F,1,0-14
PA00233,76677286X,Hugo Ruiz,F,82,65+
PA00234,56075048Q,Nuria Hernández,F,14,0-14
PA00235,61428150T,Elena Martín,F,24,15-24
PA00236,74123527P,Jorge Ruiz,M,29,25-34
PA00237,83405676C,Sergio Hernández,F,85,65+
PA00238,71167222M,Hugo López,F,73,65+
PA00239,31602134G,Elena Martín,F,46,45-54
PA00240,86200962X,Sergio Pérez,M,4,0-14
PA00241,10279646E,Jorge Martín,F,47,45-54
PA00242,35630415E,Carla Navarro,F,73,65+
PA00243,56555396P,David Navarro,M,65,65+
PA00244,90511940J,Elena García,M,89,65+
PA00245,72316918Z,Jorge Pérez,M,21,15-24
PA00246,45960695A,Bruno Navarro,F,76,65+
PA00247,59485325Z,Ana Díaz,F,30,25-34
PA00248,28548715P,Pablo Pérez,M,29,25-34
PA00249,20691147Q,Pablo Pérez,M,39,35-44
PA00250,17214314G,Elena Díaz,F,86,65+
PA00251,62525285N,Nuria Martín,F,83,65+
PA00252,74341802M,Laura Ruiz,F,32,25-34
PA00253,54360533R,Ana Ruiz,F,60,55-64
PA00254,23807503C,Hugo Pérez,F,33,25-34
PA00255,85736114S,Laura Romero,M,27,25-34
PA00256,58273907N,Sergio Díaz,M,38,35-44
PA00257,24141451M,Mario Hernández,F,7,0-14
PA00258,73370723T,David Romero,F,44,35-44
PA00259,57807515X,Bruno Sánchez,F,13,0-14
PA00260,68208310C,Nuria Navarro,M,46,45-54
PA00261,63166678E,Jorge García,M,65,65+
PA00262,20374789K,Pablo Pérez,M,83,65+
PA00263,24474877F,Sofía Ruiz,M,63,55-64
PA00264,66931547C,Hugo Martín,F,49,45-54
PA00265,99612317F,Jorge García,M,11,0-14
PA00266,62978691V,Marta Sánchez,M,61,55-64
PA00267,56613519Q,Sergio Ruiz,M,21,15-24
PA00268,62509427W,Sergio Romero,F,28,25-34
PA00269,99485330M,Sofía García,M,44,35-44
PA00270,30682444C,Laura Ruiz,F,83,65+
PA00271,62608549V,Marta López,F,25,25-34
PA00272,48871143C,Sofía Romero,M,18,15-24
PA00273,38827762S,Jorge Sánchez,F,63,55-64
PA00274,83564059P,Sergio Romero,F,15,15-24
PA00275,45646341K,Irene Sánchez,F,50,45-54
PA00276,32950082M,Irene García,M,44,35-44
PA00277,72044199P,Hugo López,F,83,65+
PA00278,82032010Y,Nuria Navarro,F,11,0-14
PA00279,74140160N,Mario Ruiz,M,57,55-64
PA00280,56336953V,Marta Díaz,F,9,0-14
PA00281,77618773G,Lucía García,F,13,0-14
PA00282,16168074H,Irene García,M,74,65+
PA00283,25990879J,Carla Hernández,M,24,15-24
PA00284,88798331D,Pablo García,F,35,35-44
PA00285,49826730E,Marta Pérez,F,41,35-44
PA00286,19586828G,Marta Navarro,F,50,45-54
PA00287,65820467B,Jorge Ruiz,M,31,25-34
PA00288,86719602A,David Sánchez,F,49,45-54
PA00289,23382219Z,Sergio Sánchez,M,69,65+
PA00290,44579876T,Elena Romero,M,9,0-14
PA00291,21199281T,Elena Navarro,M,51,45-54
PA00292,20397648X,Irene Díaz,F,85,65+
PA00293,61697786M,Elena Martín,M,16,15-24
PA00294,88008403R,David Hernández,F,31,25-34
PA00295,12178476M,Pablo Hernández,F,84,65+
PA00296,89580637P,Carla Martín,M,81,65+
PA00297,91313028S,Mario Díaz,F,54,45-54
PA00298,20171528L,Carla Romero,M,82,65+
PA00299,83298798D,Sergio Pérez,F,89,65+
PA00300,86759188B,David López,F,29,25-34
PA00301,66024817Z,Marta Martín,F,38,35-44
PA00302,51818093K,Elena Díaz,F,17,15-24
PA00303,62519321J,Mario Díaz,F,75,65+
PA00304,85692337Y,David Sánchez,F,18,15-24
PA00305,31305650K,Irene Martín,F,31,25-34
PA00306,56706353B,David Sánchez,M,37,35-44
PA00307,24412996K,Ana Navarro,F,28,25-34
PA00308,73746000X,Nuria López,F,22,15-24
PA00309,33581268R,Mario García,F,14,0-14
PA00310,62521232P,Lucía Pérez,F,87,65+
PA00311,15332291A,Marta García,M,55,55-64
PA00312,89724288A,David López,F,66,65+
PA00313,22880708A,Laura Pérez,F,62,55-64
PA00314,52823714F,Bruno Pérez,M,3,0-14
PA00315,66009585Y,Bruno López,M,76,65+
PA00316,99455697E,Ana Pérez,M,87,65+
PA00317,72559580N,Sergio López,M,69,65+
PA00318,34494787K,Carla Sánchez,F,86,65+
PA00319,26817895S,Marta Romero,F,53,45-54
PA00320,99612680G,Ana Ruiz,F,5,0-14
PA00321,88492946E,Pablo Díaz,M,90,65+
PA00322,18472416J,Pablo Ruiz,M,87,65+
PA00323,37470304F,David Martín,M,29,25-34
PA00324,62328399C,Carla Martín,F,84,65+
PA00325,27178364A,Irene Navarro,F,33,25-34
PA00326,77744074B,Elena Pérez,M,55,55-64
PA00327,41125416E,Mario García,F,40,35-44
PA00328,95167559A,Bruno Díaz,M,40,35-44
PA00329,16998427A,David Pérez,F,86,65+
PA00330,46527345D,Mario Ruiz,M,32,25-34
PA00331,32282190L,Sergio Romero,M,12,0-14
PA00332,45051767E,Irene García,M,8,0-14
PA00333,29509256V,Sergio Sánchez,F,59,55-64
PA00334,44236502H,David Navarro,M,13,0-14
PA00335,28605080K,Sergio Sánchez,F,28,25-34
PA00336,98170217N,Jorge Pérez,M,60,55-64
PA00337,47200155R,Carla Ruiz,F,27,25-34
PA00338,21817900H,Bruno Ruiz,M,84,65+
PA00339,79657976V,Elena Pérez,M,2,0-14
PA00340,62219022K,Bruno Sánchez,F,69,65+
PA00341,29371898E,Irene Díaz,F,30,25-34
PA00342,30080008H,Jorge Díaz,M,76,65+
PA00343,36706547V,Jorge García,F,29,25-34
PA00344,97839934G,Nuria Hernández,M,65,65+
PA00345,94340891B,Laura Díaz,F,30,25-34
PA00346,75999547A,Hugo Hernández,F,10,0-14
PA00347,14504778D,Bruno García,F,65,65+
PA00348,51919650V,Irene Martín,F,61,55-64
PA00349,75836526X,Irene Martín,F,14,0-14
PA00350,39974832T,Irene Martín,F,37,35-44
PA00351,86028733Q,Bruno Romero,M,33,25-34
PA00352,51388387M,Pablo Pérez,M,42,35-44
PA00353,98128613Q,Hugo López,M,82,65+
PA00354,14819720G,Laura Díaz,M,31,25-34
PA00355,85920808D,Sergio García,F,79,65+
PA00356,74667676X,Irene Martín,F,73,65+
PA00357,36930609M,Carla López,M,51,45-54
PA00358,78946590H,Marta Navarro,F,39,35-44
PA00359,34511234J,Sergio Pérez,M,28,25-34
PA00360,10088876S,Irene Hernández,F,58,55-64
PA00361,68894057H,Laura Hernández,F,58,55-64
PA00362,34920050K,Nuria López,M,61,55-64
PA00363,97318498W,Jorge García,F,46,45-54
PA00364,93932716K,Mario Navarro,F,75,65+
PA00365,21231294B,Sergio López,F,65,65+
PA00366,28195598Z,Jorge Navarro,F,26,25-34
PA00367,40664452R,Hugo García,M,78,65+
PA00368,44369481N,Sergio García,F,69,65+
PA00369,20088488E,Sergio Hernández,M,76,65+
PA00370,48924293E,Jorge Romero,M,65,65+
PA00371,84649461A,Lucía Ruiz,F,12,0-14
PA00372,32083474V,David Navarro,F,16,15-24
PA00373,52232629R,Mario Díaz,M,46,45-54
PA00374,80994001W,Ana Sánchez,M,8,0-14
PA00375,43553221Q,Nuria Sánchez,M,80,65+
PA00376,51252065L,Carla Díaz,F,76,65+
PA00377,25048966M,Elena Navarro,M,35,35-44
PA00378,68018828D,David Pérez,F,31,25-34
PA00379,85638149N,Laura Martín,F,38,35-44
PA00380,85823903E,Ana Sánchez,M,60,55-64
PA00381,54006717R,Sofía Navarro,F,15,15-24
PA00382,75477017D,Sergio Navarro,M,62,55-64
PA00383,92567816A,Carla Ruiz,M,44,35-44
PA00384,54232451H,Carla Sánchez,M,30,25-34
PA00385,73933386W,Carla Navarro,F,75,65+
PA00386,51850284P,Nuria Pérez,M,41,35-44
PA00387,11538871Z,Laura Díaz,F,49,45-54
PA00388,32804982R,Pablo Navarro,F,85,65+
PA00389,35762476G,Pablo Sánchez,M,34,25-34
PA00390,11885119L,Marta Ruiz,M,37,35-44
PA00391,21403748B,Ana Sánchez,F,59,55-64
PA00392,54996971Q,Bruno García,F,40,35-44
PA00393,78869045L,Jorge Hernández,M,86,65+
PA00394,40299835L,Lucía Hernández,M,61,55-64
PA00395,76637153Z,Bruno Navarro,F,33,25-34
PA00396,53373214F,Sergio Martín,M,26,25-34
PA00397,44829351D,Pablo García,M,44,35-44
PA00398,97004482J,Ana Hernández,M,86,65+
PA00399,83874037S,Pablo Ruiz,F,21,15-24
PA00400,98372321Z,Sofía Navarro,F,33,25-34
PA00401,13543784A,Laura Hernández,F,46,45-54
PA00402,16760658C,Pablo Díaz,M,3,0-14
PA00403,46437179J,Irene Ruiz,F,10,0-14
PA00404,83415513G,Lucía Sánchez,F,67,65+
PA00405,88552699W,Hugo Sánchez,F,43,35-44
PA00406,45562372R,Sergio Díaz,F,67,65+
PA00407,34030257Q,Carla Sánchez,M,30,25-34
PA00408,79579306Q,Sergio Ruiz,M,33,25-34
PA00409,64853593S,Sergio Sánchez,F,38,35-44
PA00410,48086898A,Carla Díaz,M,86,65+
PA00411,25439091Q,Jorge Ruiz,M,33,25-34
PA00412,23080071F,Laura Pérez,F,8,0-14
PA00413,52154198M,Pablo Ruiz,M,77,65+
PA00414,55416623D,Lucía Pérez,F,43,35-44
PA00415,58168744G,Irene Sánchez,F,2,0-14
PA00416,86889047Y,Mario Pérez,M,56,55-64
PA00417,64641410S,Jorge Pérez,F,23,15-24
PA00418,83328484D,Mario Díaz,F,17,15-24
PA00419,15552400D,Mario Sánchez,F,4,0-14
PA00420,52269914L,David García,M,7,0-14
PA00421,65239446R,Laura Navarro,M,18,15-24
PA00422,35162728D,Carla Navarro,F,39,35-44
PA00423,33954109E,Nuria Romero,M,41,35-44
PA00424,61257338E,Sofía Romero,F,33,25-34
PA00425,93040366Y,Laura García,M,71,65+
PA00426,54977629T,Irene Navarro,M,47,45-54
PA00427,60280723L,Pablo Sánchez,F,37,35-44
PA00428,30589207B,Nuria López,M,1,0-14
PA00429,29288180A,Carla Hernández,M,70,65+
PA00430,45213476C,Laura Díaz,M,86,65+
PA00431,40479697L,Jorge López,M,60,55-64
PA00432,25623548Z,Laura Díaz,M,43,35-44
PA00433,45870718C,Marta Navarro,M,11,0-14
PA00434,84655879J,Nuria Sánchez,M,72,65+
PA00435,67671049X,Nuria Ruiz,M,11,0-14
PA00436,94728759G,Jorge Ruiz,M,44,35-44
PA00437,97655867A,Mario López,M,48,45-54
PA00438,12829709K,Jorge Romero,F,69,65+
PA00439,19368355N,Marta Hernández,F,8,0-14
PA00440,70757646K,Sofía Hernández,M,11,0-14
PA00441,96554682K,Jorge Navarro,M,29,25-34
PA00442,73585802T,Hugo Martín,M,13,0-14
PA00443,63730743L,Ana Navarro,F,7,0-14
PA00444,59777846M,Lucía López,F,64,55-64
PA00445,77388386R,Jorge Pérez,M,70,65+
PA00446,11409927H,Carla Sánchez,M,65,65+
PA00447,93068435H,Jorge Ruiz,M,62,55-64
PA00448,99515088X,Ana Ruiz,M,45,45-54
PA00449,31376374L,Irene Martín,F,64,55-64
PA00450,53691401K,Laura Navarro,F,7,0-14
PA00451,59087533F,Lucía López,M,11,0-14
PA00452,14986881G,Jorge Sánchez,M,35,35-44
PA00453,96376346J,Sergio Ruiz,M,38,35-44
PA00454,78194203Y,Irene Martín,M,69,65+
PA00455,70884537T,Bruno Romero,F,46,45-54
PA00456,12034896E,Carla Martín,F,78,65+
PA00457,44747624X,Nuria Díaz,F,26,25-34
PA00458,79004725L,Laura Ruiz,F,43,35-44
PA00459,24838573Y,Sergio Martín,F,6,0-14
PA00460,90351138V,Lucía López,F,75,65+
PA00461,24181633Y,Sofía Díaz,F,52,45-54
PA00462,83647294T,Hugo Ruiz,M,22,15-24
PA00463,41666911R,Mario Romero,F,39,35-44
PA00464,56708132A,Pablo Díaz,M,2,0-14
PA00465,47854449F,Nuria Martín,F,38,35-44
PA00466,10382979M,Mario Navarro,M,82,65+
PA00467,83325268D,Sergio López,M,60,55-64
PA00468,39735177Z,Hugo Romero,M,49,45-54
PA00469,11143736Z,Sergio Sánchez,M,55,55-64
PA00470,73545192Y,Sergio Romero,M,82,65+
PA00471,93613379Q,Nuria Romero,F,44,35-44
PA00472,81315832Z,David Navarro,M,77,65+
PA00473,20148440S,Carla Pérez,M,37,35-44
PA00474,80920146E,Sergio Martín,F,35,35-44
PA00475,87189299P,Marta Pérez,M,55,55-64
PA00476,68978119H,Nuria Ruiz,M,82,65+
PA00477,76619098Z,Sergio García,M,67,65+
PA00478,21395377Z,Marta Romero,F,67,65+
PA00479,93155473M,Mario Díaz,F,14,0-14
PA00480,60696639X,Sergio Romero,F,68,65+
PA00481,84330874F,David Hernández,F,26,25-34
PA00482,33694238D,Pablo Sánchez,F,42,35-44
PA00483,78330764E,Mario Romero,M,4,0-14
PA00484,95454645T,Marta Ruiz,F,28,25-34
PA00485,15594333Q,Lucía Navarro,F,23,15-24
PA00486,33707576B,Pablo Sánchez,F,22,15-24
PA00487,40254226T,Pablo López,M,88,65+
PA00488,90222431V,Carla Díaz,M,58,55-64
PA00489,23614674D,Irene López,M,24,15-24
PA00490,45581120C,Hugo García,F,4,0-14
PA00491,59658307M,Irene Martín,M,50,45-54
PA00492,45785824Q,Nuria Ruiz,M,7,0-14
PA00493,10904213B,Nuria Díaz,F,60,55-64
PA00494,11641970X,Bruno Díaz,M,14,0-14
PA00495,34145863F,Lucía Pérez,M,20,15-24
PA00496,43504667Z,Ana Hernández,M,6,0-14
PA00497,45091867A,Hugo Ruiz,M,58,55-64
PA00498,38708373S,Lucía Díaz,F,16,15-24
PA00499,26482821Z,Bruno López,M,61,55-64
PA00500,62570329J,Marta López,F,61,55-64
PA00501,63912309F,David Hernández,M,36,35-44
PA00502,41272872W,Pablo Pérez,F,41,35-44
PA00503,51412285W,Bruno Martín,M,26,25-34
PA00504,43000876B,Elena López,M,15,15-24
PA00505,16209296E,Nuria Díaz,F,85,65+
PA00506,65412574X,Elena Hernández,F,51,45-54
PA00507,14473757Y,Laura Ruiz,M,68,65+
PA00508,46478218B,Ana Hernández,M,31,25-34
PA00509,20194175D,Marta García,M,5,0-14
PA00510,60691021B,Hugo García,F,64,55-64
PA00511,66531119X,Sofía Pérez,F,65,65+
PA00512,62117440W,Pablo Díaz,F,77,65+
PA00513,51553537K,Pablo Sánchez,F,63,55-64
PA00514,35535500G,Irene Navarro,M,42,35-44
PA00515,40519903H,Laura Romero,F,23,15-24
PA00516,25617880C,Sergio Ruiz,F,64,55-64
PA00517,22853040S,David García,F,60,55-64
PA00518,57763338V,Nuria Martín,M,26,25-34
PA00519,38782839K,Irene Pérez,F,25,25-34
PA00520,54546342J,Carla Martín,F,71,65+
PA00521,69467614Z,Mario Hernández,M,59,55-64
PA00522,95161900Y,Nuria Martín,M,28,25-34
PA00523,38349580B,Laura Pérez,F,68,65+
PA00524,48170934P,Sergio Pérez,M,50,45-54
PA00525,32430490Z,Lucía Martín,F,62,55-64
PA00526,73317620W,Sofía Hernández,F,54,45-54
PA00527,86811774S,Sofía Navarro,M,18,15-24
PA00528,22652228A,Elena Martín,F,42,35-44
PA00529,69754648P,Sofía Ruiz,M,85,65+
PA00530,25062214H,Pablo Navarro,F,29,25-34
PA00531,12808931Y,David Hernández,F,64,55-64
PA00532,17015091H,Nuria Díaz,F,22,15-24
PA00533,61876737N,Pablo Pérez,F,48,45-54
PA00534,20717896G,Laura Romero,M,40,35-44
PA00535,66422491B,Ana Romero,M,2,0-14
PA00536,41728402G,Sofía Martín,F,44,35-44
PA00537,73632972L,Hugo Hernández,F,48,45-54
PA00538,45841720M,Ana Sánchez,F,70,65+
PA00539,92979404G,Irene Pérez,F,35,35-44
PA00540,70901924X,Ana Martín,F,65,65+
PA00541,39988949Z,Mario Pérez,F,14,0-14
PA00542,83011541Z,Nuria Hernández,M,29,25-34
PA00543,66051851H,Laura Martín,M,40,35-44
PA00544,53564006D,David García,F,73,65+
PA00545,50215610V,Sofía Hernández,M,45,45-54
PA00546,32864250V,Pablo Romero,M,32,25-34
PA00547,40757977T,Sergio Hernández,M,11,0-14
PA00548,21107500X,Jorge Ruiz,F,31,25-34
PA00549,18657668F,Marta López,M,29,25-34
PA00550,19427244P,Sergio Navarro,M,60,55-64
PA00551,17990300S,Nuria Martín,M,14,0-14
PA00552,55402469G,Ana Hernández,F,54,45-54
PA00553,29920370Y,Hugo García,F,59,55-64
PA00554,56129756S,Irene López,F,36,35-44
PA00555,50052959G,Marta Martín,M,60,55-64
PA00556,16946821Y,Ana Sánchez,M,64,55-64
PA00557,91307222L,Laura Díaz,M,58,55-64
PA00558,68259130J,Laura Sánchez,F,24,15-24
PA00559,55018181L,Jorge López,M,17,15-24
PA00560,19030511X,Sergio Navarro,F,51,45-54
PA00561,48450322Z,Irene Sánchez,F,79,65+
PA00562,94300998D,Carla Ruiz,M,5,0-14
PA00563,97789628E,Sergio Navarro,F,8,0-14
PA00564,15168697R,Hugo Díaz,F,70,65+
PA00565,70588102A,Hugo López,M,7,0-14
PA00566,24853970C,Hugo Romero,M,88,65+
PA00567,81344756L,Laura Sánchez,M,9,0-14
PA00568,74223687L,Jorge Sánchez,M,29,25-34
PA00569,81229627Z,Elena Romero,F,82,65+
PA00570,30131414V,Laura Pérez,M,20,15-24
PA00571,61812396D,Laura Díaz,F,40,35-44
PA00572,94246607H,Sergio López,M,8,0-14
PA00573,11581121M,Marta Pérez,M,78,65+
PA00574,74418282X,Marta Martín,M,66,65+
PA00575,91855024Y,Jorge Díaz,M,73,65+
PA00576,64889915N,Pablo Sánchez,F,49,45-54
PA00577,82693668J,Irene Sánchez,F,60,55-64
PA00578,97332552M,Nuria Navarro,M,28,25-34
PA00579,89376015A,Hugo Pérez,M,51,45-54
PA00580,13178231E,Ana Martín,F,22,15-24
PA00581,11163775V,Lucía García,F,50,45-54
PA00582,91261166Z,Irene Romero,F,33,25-34
PA00583,13306710N,Irene Martín,M,72,65+
PA00584,31957784G,Nuria Romero,F,84,65+
PA00585,45654394Y,Marta Navarro,F,67,65+
PA00586,42367159K,Sergio Martín,F,77,65+
PA00587,75738233A,Laura Ruiz,M,46,45-54
PA00588,52475658H,Lucía Sánchez,F,87,65+
PA00589,90104225E,Sofía Díaz,F,51,45-54
PA00590,18047722Z,Bruno Díaz,F,57,55-64
PA00591,20573315J,Lucía Sánchez,M,73,65+
PA00592,55405955Y,Jorge García,F,86,65+
PA00593,80996473R,Bruno Ruiz,F,40,35-44
PA00594,40099261K,Nuria Navarro,F,14,0-14
PA00595,96729200E,Sofía Navarro,F,70,65+
PA00596,89698878E,Irene Sánchez,F,90,65+
PA00597,52969476K,Lucía Hernández,F,28,25-34
PA00598,25770246Z,Elena Martín,M,11,0-14
PA00599,12505580E,David Sánchez,F,15,15-24
PA00600,25433222B,Sofía Hernández,M,11,0-14
PA00601,28116139M,Lucía Ruiz,M,19,15-24
PA00602,17440426D,Irene López,F,26,25-34
PA00603,39795537Z,Hugo López,M,36,35-44
PA00604,43294850Y,Irene Martín,M,52,45-54
PA00605,32609450C,Laura Díaz,F,78,65+
PA00606,80426351S,Bruno Díaz,M,77,65+
PA00607,40250986H,Pablo García,F,64,55-64
PA00608,16937541J,Irene Díaz,M,22,15-24
PA00609,42380423K,Ana Ruiz,F,44,35-44
PA00610,99662266V,Sofía Díaz,M,64,55-64
PA00611,83333556J,David Ruiz,M,43,35-44
PA00612,23793118C,Carla Martín,F,10,0-14
PA00613,62035657M,Irene Martín,F,66,65+
PA00614,71714924E,Sergio López,M,25,25-34
PA00615,71693077L,Jorge Romero,F,52,45-54
PA00616,13016826W,Bruno Romero,M,3,0-14
PA00617,50552863R,Irene Navarro,M,11,0-14
PA00618,93818695N,Jorge Sánchez,F,34,25-34
PA00619,30844493P,Marta Navarro,M,1,0-14
PA00620,84872185F,Irene Martín,M,85,65+
PA00621,13102037L,Sofía Hernández,F,35,35-44
PA00622,10049790C,Pablo Navarro,M,64,55-64
PA00623,19746163N,Marta Ruiz,F,38,35-44
PA00624,83554289C,Irene Pérez,F,85,65+
PA00625,69452065P,Lucía Martín,M,8,0-14
PA00626,17947673X,Nuria Navarro,F,57,55-64
PA00627,64815323T,Nuria Martín,F,26,25-34
PA00628,52475925H,Irene Sánchez,M,66,65+
PA00629,53279437Y,Pablo Romero,M,62,55-64
PA00630,66974940E,Mario Díaz,F,73,65+
PA00631,74182044B,Elena Sánchez,M,60,55-64
PA00632,68370636A,Bruno Navarro,F,23,15-24
PA00633,74973712E,Sofía Pérez,F,51,45-54
PA00634,22270819V,Carla Sánchez,M,49,45-54
PA00635,44377175H,Nuria Sánchez,F,14,0-14
PA00636,97889034L,Hugo Pérez,F,76,65+
PA00637,96994202A,Laura Ruiz,F,47,45-54
PA00638,45723801R,Nuria Martín,F,90,65+
PA00639,34329267M,Pablo Navarro,F,51,45-54
PA00640,97040714S,Elena Sánchez,M,56,55-64
PA00641,30674142H,David Ruiz,F,29,25-34
PA00642,84735625H,Hugo Díaz,F,69,65+
PA00643,38918074T,Hugo García,M,5,0-14
PA00644,25616927S,David Hernández,F,55,55-64
PA00645,42726140P,Sofía Martín,M,9,0-14
PA00646,30985711R,Hugo López,F,34,25-34
PA00647,26899021A,Carla López,F,52,45-54
PA00648,74908244B,Ana López,M,87,65+
PA00649,74693541T,Marta Navarro,F,87,65+
PA00650,62840857Z,Irene Navarro,F,36,35-44
PA00651,39674929F,Hugo Romero,M,21,15-24
PA00652,46827879V,Ana Ruiz,F,38,35-44
PA00653,74398605J,Hugo Sánchez,M,79,65+
PA00654,57332575Y,Jorge Martín,F,37,35-44
PA00655,30157918M,Sofía Pérez,F,35,35-44
PA00656,56583834E,Carla López,M,72,65+
PA00657,30784339T,Lucía Sánchez,M,20,15-24
PA00658,13778245Q,Mario López,F,10,0-14
PA00659,36608408Z,Nuria Hernández,F,53,45-54
PA00660,21968134C,Jorge Romero,M,50,45-54
PA00661,90784527E,Hugo Hernández,M,20,15-24
PA00662,46492221K,Sofía Romero,F,38,35-44
PA00663,97675002D,David Romero,M,38,35-44
PA00664,38029432G,Elena Martín,M,3,0-14
PA00665,62099443E,Pablo Martín,F,60,55-64
PA00666,18579079W,Irene Martín,F,62,55-64
PA00667,47502622B,Nuria Díaz,M,26,25-34
PA00668,55672782S,Jorge López,F,59,55-64
PA00669,82436340L,Lucía Romero,F,1,0-14
PA00670,47329170N,Irene López,F,9,0-14
PA00671,16707798H,Hugo Romero,F,86,65+
PA00672,37478783K,Hugo Martín,M,48,45-54
PA00673,66222435B,Sofía Martín,M,24,15-24
PA00674,90260070J,Laura Martín,M,62,55-64
PA00675,58573961C,Lucía García,F,85,65+
PA00676,79731622K,Carla García,F,49,45-54
PA00677,18632564Q,Nuria López,M,13,0-14
PA00678,84108552J,Lucía Sánchez,M,16,15-24
PA00679,14170365D,Lucía Ruiz,M,54,45-54
PA00680,60139553C,Irene Romero,F,37,35-44
PA00681,50758514R,Bruno Navarro,F,18,15-24
PA00682,91785652Q,Mario Navarro,M,67,65+
PA00683,95861033V,Carla Díaz,M,14,0-14
PA00684,40619695F,Laura Martín,F,34,25-34
PA00685,77433393E,David Navarro,F,8,0-14
PA00686,53203869S,Ana Ruiz,M,24,15-24
PA00687,87628200M,Jorge Sánchez,F,29,25-34
PA00688,63039838D,Marta Pérez,M,42,35-44
PA00689,45098365W,Ana Navarro,M,58,55-64
PA00690,70500630Z,Elena Díaz,F,90,65+
PA00691,24999492B,Carla Navarro,M,52,45-54
PA00692,89966775N,Mario Pérez,F,19,15-24
PA00693,37979157Y,Lucía López,M,73,65+
PA00694,85766561D,Pablo Díaz,F,14,0-14
PA00695,56081328F,Mario Hernández,M,54,45-54
PA00696,15434037J,Pablo Sánchez,M,24,15-24
PA00697,46745909S,David Hernández,M,44,35-44
PA00698,77509175B,David Martín,F,57,55-64
PA00699,68644136M,Carla Navarro,M,33,25-34
PA00700,22824833M,Nuria Martín,F,6,0-14
PA00701,10493742R,Carla Sánchez,M,59,55-64
PA00702,32428075C,Sofía Romero,F,77,65+
PA00703,32140259R,Laura López,M,57,55-64
PA00704,78152512K,Jorge Hernández,M,23,15-24
PA00705,71813266P,Nuria Sánchez,M,74,65+
PA00706,92533295C,Jorge Navarro,F,69,65+
PA00707,59501343D,Laura Sánchez,M,13,0-14
PA00708,57585774T,Pablo Sánchez,F,50,45-54
PA00709,47852583W,Sofía Díaz,M,17,15-24
PA00710,19948444A,Sofía Hernández,M,44,35-44
PA00711,71835029L,Elena Navarro,M,23,15-24
PA00712,53704765G,Carla Díaz,M,77,65+
PA00713,37111007B,Jorge Navarro,F,51,45-54
PA00714,30971949Z,Carla López,M,75,65+
PA00715,28862550H,Irene Ruiz,F,73,65+
PA00716,54040167H,Laura García,F,67,65+
PA00717,29394701P,Marta Díaz,F,16,15-24
PA00718,68753119H,Ana Hernández,F,88,65+
PA00719,13052117S,Sergio García,F,37,35-44
PA00720,40841964S,Ana Sánchez,M,52,45-54
PA00721,63152761F,Bruno Hernández,F,75,65+
PA00722,44467634D,Nuria López,F,54,45-54
PA00723,16999556R,Carla Pérez,F,44,35-44
PA00724,15182068A,Elena Martín,F,86,65+
PA00725,31220812C,Marta Hernández,F,82,65+
PA00726,90324233R,Pablo Sánchez,M,27,25-34
PA00727,49198982H,Mario Ruiz,M,53,45-54
PA00728,45750196C,Ana Sánchez,F,10,0-14
PA00729,75367757V,Pablo Sánchez,F,25,25-34
PA00730,11564542A,Mario Ruiz,F,63,55-64
PA00731,42034712Q,Bruno Martín,F,76,65+
PA00732,44068817A,Elena Romero,F,67,65+
PA00733,65786620K,Irene Ruiz,M,88,65+
PA00734,88425122J,Elena Hernández,F,2,0-14
PA00735,27551620D,Jorge Sánchez,F,15,15-24
PA00736,50293999F,Lucía Navarro,F,32,25-34
PA00737,39469918L,Ana Pérez,F,21,15-24
PA00738,18641101G,Marta Pérez,M,56,55-64
PA00739,31556187F,Nuria Hernández,M,10,0-14
PA00740,92469771J,Ana Martín,F,52,45-54
PA00741,23699594S,Ana Romero,M,43,35-44
PA00742,30623880C,Sofía García,M,68,65+
PA00743,21172509K,Lucía Díaz,M,37,35-44
PA00744,29400229D,Laura López,F,50,45-54
PA00745,75986754Y,Sergio Sánchez,M,61,55-64
PA00746,65743082W,Ana Navarro,M,14,0-14
PA00747,98846839D,Irene Romero,M,10,0-14
PA00748,17614896F,Laura Díaz,F,33,25-34
PA00749,90662081K,Sofía López,F,63,55-64
PA00750,50026155F,Marta Ruiz,M,47,45-54
PA00751,99004005K,Hugo García,M,50,45-54
PA00752,49230452P,Elena Hernández,M,58,55-64
PA00753,93870327L,Jorge Sánchez,M,16,15-24
PA00754,52057814F,Sofía Romero,M,61,55-64
PA00755,72920430V,Nuria Hernández,M,13,0-14
PA00756,78971958S,Ana García,M,45,45-54
PA00757,34584804T,Marta Díaz,M,71,65+
PA00758,18987541G,Pablo Navarro,F,12,0-14
PA00759,55990734T,Hugo Navarro,F,59,55-64
PA00760,72466480K,Marta Ruiz,M,87,65+
PA00761,63661459G,Nuria Díaz,M,83,65+
PA00762,23457638Z,Ana Sánchez,F,80,65+
PA00763,83155197G,Bruno Hernández,F,6,0-14
PA00764,57956639J,Nuria López,F,36,35-44
PA00765,97494381W,Marta Martín,M,10,0-14
PA00766,63709314A,Nuria López,M,60,55-64
PA00767,32144538N,Marta Hernández,M,4,0-14
PA00768,89759865X,Irene Sánchez,M,39,35-44
PA00769,77365850F,Irene Sánchez,M,15,15-24
PA00770,51458435W,Bruno Romero,M,54,45-54
PA00771,96820271T,Elena Díaz,M,13,0-14
PA00772,58740001J,Bruno Martín,M,16,15-24
PA00773,62645680T,Bruno Pérez,F,51,45-54
PA00774,42286533V,Mario Romero,M,40,35-44
PA00775,70296706G,Bruno Martín,M,84,65+
PA00776,90673286V,Bruno Navarro,F,16,15-24
PA00777,35490703B,Irene Martín,F,75,65+
PA00778,84972103F,Lucía Díaz,F,31,25-34
PA00779,63143197F,Ana Sánchez,F,15,15-24
PA00780,96013513X,Bruno López,M,15,15-24
PA00781,43193122X,Lucía Díaz,M,73,65+
PA00782,16215572L,Carla García,F,61,55-64
PA00783,49513417K,Bruno Pérez,M,34,25-34
PA00784,77567214G,Bruno López,M,44,35-44
PA00785,45853475N,Elena Hernández,F,75,65+
PA00786,12950450J,Elena Ruiz,M,7,0-14
PA00787,78012507J,Irene Ruiz,M,71,65+
PA00788,55872926A,Jorge Navarro,M,70,65+
PA00789,15800209Y,Bruno López,M,56,55-64
PA00790,61767906A,Sergio Hernández,M,66,65+
PA00791,39678259E,Lucía López,M,77,65+
PA00792,16853720W,Nuria Pérez,M,38,35-44
PA00793,79991559T,Irene Pérez,F,44,35-44
PA00794,65914595L,Sergio Hernández,F,73,65+
PA00795,42392464S,Laura Navarro,M,63,55-64
PA00796,68222469X,Jorge Hernández,F,32,25-34
PA00797,27077050Z,Carla Pérez,F,67,65+
PA00798,26725233S,Sofía Hernández,M,70,65+
PA00799,96593477G,Laura Martín,M,11,0-14
PA00800,76150449W,Laura García,M,16,15-24
PA00801,21046603G,Laura García,F,5,0-14
PA00802,62683512L,Hugo García,F,35,35-44
PA00803,46966954B,Mario Sánchez,F,39,35-44
PA00804,33284581E,Pablo García,M,26,25-34
PA00805,80781460V,David Ruiz,F,2,0-14
PA00806,39931067J,Sofía Ruiz,F,69,65+
PA00807,95883161Y,Irene Pérez,M,78,65+
PA00808,38591804C,Bruno Romero,M,35,35-44
PA00809,59835062D,Nuria Romero,M,41,35-44
PA00810,86243984X,Mario López,F,61,55-64
PA00811,95441744D,Lucía Ruiz,M,79,65+
PA00812,57672016Y,Elena Hernández,M,63,55-64
PA00813,40716148E,Jorge Romero,F,86,65+
PA00814,26832480B,Pablo García,M,83,65+
PA00815,41181632N,Pablo Ruiz,F,65,65+
PA00816,20586220H,Marta Díaz,F,51,45-54
PA00817,32029445V,Carla Ruiz,F,76,65+
PA00818,70471654S,Jorge Martín,F,24,15-24
PA00819,97723209N,Mario Hernández,F,30,25-34
PA00820,57556297D,David Sánchez,M,15,15-24
PA00821,34633383R,Jorge Hernández,F,2,0-14
PA00822,26856601H,David Pérez,F,64,55-64
PA00823,41861738J,Bruno López,M,31,25-34
PA00824,60968749R,Sofía Navarro,F,70,65+
PA00825,96166147X,Carla Navarro,M,38,35-44
PA00826,99404517E,Hugo Hernández,F,38,35-44
PA00827,94258814S,Irene Romero,M,31,25-34
PA00828,14757257Z,Irene Romero,F,17,15-24
PA00829,96093503L,Sergio Sánchez,M,59,55-64
PA00830,81626857J,Jorge Sánchez,M,50,45-54
PA00831,93224340R,Carla Romero,M,28,25-34
PA00832,60507861V,Ana García,F,74,65+
PA00833,35804829W,Laura Hernández,M,73,65+
PA00834,52984997W,Bruno Navarro,M,25,25-34
PA00835,98950659T,Sergio Hernández,M,60,55-64
PA00836,52203171Y,Jorge Díaz,F,73,65+
PA00837,39239544J,Sofía Navarro,F,85,65+
PA00838,99356921S,Irene Navarro,M,63,55-64
PA00839,27509548Q,Ana Díaz,M,80,65+
PA00840,30193182M,Sofía López,M,77,65+
PA00841,58482818R,Sofía Díaz,F,3,0-14
PA00842,24322853P,Elena Pérez,F,87,65+
PA00843,22177039S,Bruno Romero,M,65,65+
PA00844,48690614Y,Nuria López,M,8,0-14
PA00845,41939538A,Bruno Romero,F,4,0-14
PA00846,16722524R,Sergio Martín,F,60,55-64
PA00847,35430261M,Irene Pérez,M,1,0-14
PA00848,47338179E,Irene Martín,M,42,35-44
PA00849,76293275L,Marta Ruiz,M,14,0-14
PA00850,70032709B,Bruno Pérez,M,30,25-34
PA00851,54578695D,Sergio Sánchez,M,13,0-14
PA00852,95878839D,Pablo García,M,85,65+
PA00853,29858317P,Sofía Pérez,M,79,65+
PA00854,63584154M,Sergio Romero,F,53,45-54
PA00855,61572661X,Sofía Hernández,F,76,65+
PA00856,46062074L,Carla Hernández,F,45,45-54
PA00857,48214681A,Nuria Martín,F,90,65+
PA00858,49316456M,Mario Martín,F,41,35-44
PA00859,46687822N,Elena López,M,40,35-44
PA00860,28657271G,Ana Hernández,M,36,35-44
PA00861,44635065B,Bruno Ruiz,F,75,65+
PA00862,58955051X,Sergio Martín,F,84,65+
PA00863,21654935C,Elena Navarro,M,56,55-64
PA00864,27474620L,Marta Pérez,F,25,25-34
PA00865,97532558V,Irene Díaz,M,47,45-54
PA00866,49910279E,Sergio Navarro,F,52,45-54
PA00867,65733719Y,Bruno Pérez,F,86,65+
PA00868,20712651P,Mario Martín,M,21,15-24
PA00869,32679481G,Sergio López,F,7,0-14
PA00870,50910803G,Pablo López,M,89,65+
PA00871,19961768Z,Hugo Navarro,F,36,35-44
PA00872,44392989B,David Ruiz,M,13,0-14
PA00873,82651509S,Laura Martín,F,3,0-14
PA00874,66690224C,Bruno Martín,M,29,25-34
PA00875,26999967A,Elena Díaz,F,3,0-14
PA00876,88586064Y,David Sánchez,F,67,65+
PA00877,84486081T,Pablo Pérez,M,86,65+
PA00878,71839736Z,Pablo López,M,57,55-64
PA00879,83266111E,Marta López,F,36,35-44
PA00880,70819236Z,Mario Pérez,M,16,15-24
PA00881,93805770D,Sergio García,F,77,65+
PA00882,93657823S,Carla Romero,M,23,15-24
PA00883,50744525V,Marta Navarro,F,44,35-44
PA00884,38437985V,Nuria Navarro,M,70,65+
PA00885,34483290T,Sofía Díaz,F,79,65+
PA00886,42285832Z,Sofía Martín,M,33,25-34
PA00887,23591868T,Carla García,M,58,55-64
PA00888,44660178Y,Lucía López,M,45,45-54
PA00889,13956630W,Nuria Romero,F,80,65+
PA00890,11326759D,Nuria López,M,27,25-34
PA00891,41661679V,Hugo Navarro,F,33,25-34
PA00892,68606489S,Nuria Ruiz,M,21,15-24
PA00893,44474023M,Laura Hernández,F,76,65+
PA00894,61088297Z,Sofía Romero,F,12,0-14
PA00895,63428054K,Mario López,M,19,15-24
PA00896,89823511B,Jorge Hernández,F,80,65+
PA00897,21705122Z,Hugo Ruiz,F,40,35-44
PA00898,63658655M,Sergio Ruiz,F,9,0-14
PA00899,92361713S,Sergio Romero,F,33,25-34
PA00900,54848782Z,Lucía Díaz,F,35,35-44
PA00901,62934008E,Nuria Ruiz,F,38,35-44
PA00902,60619732E,Irene Ruiz,F,72,65+
PA00903,83487416K,Laura Navarro,M,79,65+
PA00904,13207611S,Sofía Sánchez,F,1,0-14
PA00905,85073418D,David Díaz,M,77,65+
PA00906,20324016P,Ana Hernández,F,83,65+
PA00907,86297051A,Bruno Pérez,M,62,55-64
PA00908,26567897S,David Díaz,F,64,55-64
PA00909,23246265Y,Hugo Pérez,F,85,65+
PA00910,33485877N,Bruno Sánchez,F,46,45-54
PA00911,51730424R,Jorge Díaz,M,74,65+
PA00912,36389848E,Mario Sánchez,M,14,0-14
PA00913,37326479B,Pablo Pérez,F,62,55-64
PA00914,74292156L,Hugo Martín,M,48,45-54
PA00915,16123636G,Nuria Martín,M,33,25-34
PA00916,98507438Y,Mario Pérez,F,29,25-34
PA00917,46290457P,Sergio Hernández,M,78,65+
PA00918,55557152S,Hugo Navarro,M,35,35-44
PA00919,81331067S,Mario Ruiz,M,18,15-24
PA00920,20987499V,Laura Romero,M,85,65+
PA00921,49970537A,Lucía Navarro,F,65,65+
PA00922,35910301M,Lucía Pérez,F,2,0-14
PA00923,49021834H,Irene Hernández,F,57,55-64
PA00924,52699310P,Ana Hernández,M,6,0-14
PA00925,77595858L,Jorge Martín,M,15,15-24
PA00926,47036296K,David Romero,M,10,0-14
PA00927,37317411V,Mario Díaz,F,36,35-44
PA00928,14989206W,Pablo Hernández,M,56,55-64
PA00929,16096935M,Lucía Hernández,M,79,65+
PA00930,68834345Q,David Hernández,M,63,55-64
PA00931,18395948J,Hugo Díaz,M,82,65+
PA00932,63520736W,Sofía Sánchez,F,72,65+
PA00933,35829993D,Sergio Martín,M,22,15-24
PA00934,89300487G,Irene López,F,79,65+
PA00935,36294329X,Hugo Navarro,F,87,65+
PA00936,38253924C,Sofía Romero,F,39,35-44
PA00937,94423392T,Bruno Navarro,F,79,65+
PA00938,76758634Z,Sofía Pérez,M,48,45-54
PA00939,47518687Y,Mario Díaz,F,66,65+
PA00940,71467316F,David García,F,61,55-64
PA00941,65762256T,Jorge Navarro,F,89,65+
PA00942,30149697H,Elena García,M,26,25-34
PA00943,41820696B,Lucía Romero,M,24,15-24
PA00944,65773805Q,Carla Martín,F,80,65+
PA00945,71010826V,Ana García,M,70,65+
PA00946,46338943Y,Elena Romero,M,55,55-64
PA00947,59364357C,Bruno Navarro,M,35,35-44
PA00948,57480621S,Carla Sánchez,M,58,55-64
PA00949,68409273F,Pablo Díaz,F,15,15-24
PA00950,88938895Z,Hugo Hernández,F,8,0-14
PA00951,19777907X,Pablo García,M,29,25-34
PA00952,29406657G,Mario Romero,F,64,55-64
PA00953,30600688S,Pablo Sánchez,M,39,35-44
PA00954,32281011M,Hugo Hernández,M,53,45-54
PA00955,88772992K,Sofía Martín,F,13,0-14
PA00956,98020597W,Sergio López,F,18,15-24
PA00957,49094873H,Irene Hernández,M,45,45-54
PA00958,96343650M,David Pérez,F,19,15-24
PA00959,36149908P,Nuria Martín,M,12,0-14
PA00960,34616918T,Sofía Martín,M,38,35-44
PA00961,41423275Z,Pablo López,M,32,25-34
PA00962,64226737R,Sofía Martín,F,22,15-24
PA00963,32185186R,Laura Navarro,M,83,65+
PA00964,93212998A,Bruno Sánchez,F,81,65+
PA00965,15036059R,David Navarro,F,18,15-24
PA00966,21161261E,Sofía Navarro,F,86,65+
PA00967,50358155L,Lucía Martín,F,2,0-14
PA00968,49758873D,Mario Hernández,F,15,15-24
PA00969,61233745C,Laura Sánchez,F,57,55-64
PA00970,89904428C,Lucía Romero,M,82,65+
PA00971,41024171M,Hugo Hernández,F,49,45-54
PA00972,55812545W,Pablo López,F,33,25-34
PA00973,22925733F,Lucía Sánchez,F,15,15-24
PA00974,40668588A,Mario Pérez,M,35,35-44
PA00975,62964587G,Mario López,M,7,0-14
PA00976,54602780J,Laura Díaz,M,75,65+
PA00977,98156782F,Sofía García,M,36,35-44
PA00978,27156843M,Marta Pérez,F,64,55-64
PA00979,49514108R,Irene Hernández,M,53,45-54
PA00980,73993162A,Sergio Pérez,F,46,45-54
PA00981,55631727J,Elena García,M,34,25-34
PA00982,30948802D,Bruno Sánchez,M,23,15-24
PA00983,12199597W,Ana Pérez,F,17,15-24
PA00984,73910481L,Laura García,M,42,35-44
PA00985,84136429Q,Sergio Sánchez,F,23,15-24
PA00986,74179216M,Carla Díaz,F,67,65+
PA00987,82645127A,Nuria Ruiz,M,61,55-64
PA00988,94586579C,Mario Navarro,M,35,35-44
PA00989,73371847E,Carla García,M,61,55-64
PA00990,93523582M,Nuria López,F,3,0-14
PA00991,11001495T,Elena Pérez,F,78,65+
PA00992,62504604S,Sergio Martín,F,75,65+
PA00993,87319945V,Elena Sánchez,F,46,45-54
PA00994,59873824Y,Hugo Pérez,M,69,65+
PA00995,23354308A,Laura Ruiz,F,64,55-64
PA00996,69863313D,Hugo Pérez,M,73,65+
PA00997,78872623B,Marta Romero,F,72,65+
PA00998,84713316G,Bruno Ruiz,F,52,45-54
PA00999,87865374Z,Pablo Romero,M,45,45-54
PA01000,46874447S,Lucía López,F,23,15-24
PA01001,69521388P,Bruno García,M,1,0-14
PA01002,87672262N,Elena López,M,36,35-44
PA01003,10349551B,Irene García,M,65,65+
PA01004,78092748A,Elena Pérez,M,43,35-44
PA01005,77560063B,Jorge García,M,12,0-14
PA01006,25142673M,Sofía Romero,F,88,65+
PA01007,70676135X,Nuria García,F,75,65+
PA01008,13313596G,Sergio Sánchez,F,84,65+
PA01009,26613664M,David López,M,77,65+
PA01010,28177011G,Irene Sánchez,F,56,55-64
PA01011,54026126F,David Martín,F,17,15-24
PA01012,69063671V,Sergio Martín,F,48,45-54
PA01013,56999666K,Marta Martín,M,73,65+
PA01014,16254911A,Lucía Díaz,F,75,65+
PA01015,16528226D,Sergio Sánchez,F,44,35-44
PA01016,83055082H,Sofía Romero,F,33,25-34
PA01017,67653055P,Marta Navarro,F,72,65+
PA01018,82337646D,Irene Martín,M,18,15-24
PA01019,23807778E,Hugo Pérez,M,85,65+
PA01020,33333849V,Bruno López,F,81,65+
PA01021,17248165E,Irene Hernández,M,42,35-44
PA01022,64076518K,Sofía Martín,M,88,65+
PA01023,75997259J,Mario López,M,16,15-24
PA01024,86222148Z,Sergio Pérez,F,89,65+
PA01025,68925071P,Sofía López,F,71,65+
PA01026,75397845A,Mario Sánchez,F,69,65+
PA01027,18089176A,Sergio Ruiz,F,60,55-64
PA01028,47700380P,Nuria Ruiz,M,32,25-34
PA01029,12993568Y,Ana Navarro,M,36,35-44
PA01030,52658617L,Elena Díaz,M,27,25-34
PA01031,16004643X,David López,F,37,35-44
PA01032,30901301A,Carla Navarro,M,68,65+
PA01033,85396722Z,David Hernández,M,87,65+
PA01034,30651036M,Sofía López,F,67,65+
PA01035,54060857X,Carla Martín,F,64,55-64
PA01036,31886270P,Sergio García,F,26,25-34
PA01037,42485275G,Bruno Pérez,F,4,0-14
PA01038,72428528E,Laura López,F,55,55-64
PA01039,16502251F,Sofía Pérez,M,58,55-64
PA01040,27060952S,Jorge Ruiz,F,7,0-14
PA01041,51201859Y,Jorge Díaz,F,35,35-44
PA01042,13678379J,Hugo García,M,83,65+
PA01043,31699945Y,Carla Martín,M,48,45-54
PA01044,27410236Z,Mario Martín,F,11,0-14
PA01045,60682226Z,Laura Hernández,F,42,35-44
PA01046,90951909Y,Hugo Martín,M,64,55-64
PA01047,18378762T,Mario Navarro,F,26,25-34
PA01048,16834837G,Marta López,M,34,25-34
PA01049,28251427F,Marta Pérez,F,15,15-24
PA01050,22155784N,Sofía Díaz,M,57,55-64
PA01051,38083013M,Jorge Martín,M,7,0-14
PA01052,84894902W,Lucía Sánchez,F,27,25-34
PA01053,17499966S,Lucía Ruiz,F,27,25-34
PA01054,61645956Z,Elena Ruiz,F,26,25-34
PA01055,54633846G,Nuria Navarro,M,79,65+
PA01056,75642606B,Bruno Pérez,F,84,65+
PA01057,94332178V,Mario López,M,79,65+
PA01058,86327336S,Nuria Navarro,F,49,45-54
PA01059,79395613Z,Bruno Díaz,M,61,55-64
PA01060,58494789X,Sergio Díaz,F,4,0-14
PA01061,82205646J,Irene López,M,50,45-54
PA01062,28466494T,David Díaz,F,89,65+
PA01063,55026011L,Mario Martín,M,62,55-64
PA01064,77326017D,Nuria Hernández,F,21,15-24
PA01065,64364037P,Sergio Hernández,M,43,35-44
PA01066,49366940F,Pablo García,M,76,65+
PA01067,22813986P,Lucía Hernández,F,83,65+
PA01068,40975960J,Carla Romero,F,87,65+
PA01069,99153440P,Ana García,M,71,65+
PA01070,74837411Q,Sergio Romero,M,53,45-54
PA01071,73031101C,Irene Martín,M,7,0-14
PA01072,21100439X,Elena Sánchez,M,82,65+
PA01073,52309274E,Irene Hernández,M,69,65+
PA01074,61027148K,Pablo Pérez,M,43,35-44
PA01075,23233022A,Irene Pérez,F,88,65+
PA01076,45736659T,Irene Ruiz,F,54,45-54
PA01077,97146437H,Sofía Navarro,M,16,15-24
PA01078,42407741D,Carla Navarro,M,15,15-24
PA01079,25176652K,Marta López,F,28,25-34
PA01080,49398438Q,Carla Romero,M,86,65+
PA01081,94659729N,Marta Pérez,F,90,65+
PA01082,47003459P,Elena Navarro,F,41,35-44
PA01083,74234880K,Sergio Ruiz,M,61,55-64
PA01084,49291739Z,Mario Ruiz,F,24,15-24
PA01085,67311257A,Bruno Navarro,F,81,65+
PA01086,42352972Y,Ana García,M,8,0-14
PA01087,40532379B,Nuria Díaz,F,35,35-44
PA01088,44139954B,Pablo Martín,F,88,65+
PA01089,28021585A,Elena López,F,12,0-14
PA01090,89602439F,Irene Díaz,M,59,55-64
PA01091,77284488F,Marta Romero,M,39,35-44
PA01092,79968127G,Jorge Hernández,M,11,0-14
PA01093,71895445J,Laura Pérez,M,26,25-34
PA01094,95923804K,Jorge Romero,M,82,65+
PA01095,19450791P,Sofía Pérez,M,61,55-64
PA01096,61690154R,Pablo Martín,F,52,45-54
PA01097,22948133L,Jorge López,F,61,55-64
PA01098,26646142D,Pablo Navarro,F,11,0-14
PA01099,68949666J,David Hernández,M,72,65+
PA01100,95238659R,Bruno Martín,M,13,0-14
PA01101,50949259P,Carla Romero,M,20,15-24
PA01102,65295582T,Bruno Díaz,F,51,45-54
PA01103,34520898N,Jorge Ruiz,F,21,15-24
PA01104,39658323M,Nuria Hernández,F,51,45-54
PA01105,50742401M,Sofía Pérez,F,7,0-14
PA01106,84850133F,Pablo Ruiz,F,52,45-54
PA01107,40365995P,Pablo Ruiz,F,53,45-54
PA01108,96505405K,Irene Sánchez,M,15,15-24
PA01109,25327555T,David Ruiz,M,38,35-44
PA01110,71577923C,Jorge Romero,M,32,25-34
PA01111,29984484G,Carla Díaz,M,82,65+
PA01112,73019897L,Hugo Romero,M,53,45-54
PA01113,40335563J,Irene Sánchez,M,14,0-14
PA01114,43321177F,Hugo Pérez,F,56,55-64
PA01115,57721879R,Ana López,M,42,35-44
PA01116,32226044R,Laura Navarro,M,25,25-34
PA01117,64362240N,Elena Martín,M,35,35-44
PA01118,91330122D,Carla Martín,F,89,65+
PA01119,22657388Q,Sofía Ruiz,F,75,65+
PA01120,66009929E,Carla García,F,87,65+
PA01121,40678710C,Laura Sánchez,M,18,15-24
PA01122,52162791E,Marta Sánchez,M,37,35-44
PA01123,36244725L,Jorge López,F,41,35-44
PA01124,63392425J,Nuria Romero,F,40,35-44
PA01125,80679505D,David Hernández,M,88,65+
PA01126,39697510T,Jorge Díaz,M,58,55-64
PA01127,83578211J,Mario Díaz,M,50,45-54
PA01128,57914500K,Mario Sánchez,M,23,15-24
PA01129,51373207J,Carla García,M,6,0-14
PA01130,28058033G,Jorge Ruiz,F,3,0-14
PA01131,62459287Y,Lucía Pérez,F,31,25-34
PA01132,79662739Y,Bruno Ruiz,M,41,35-44
PA01133,55195508R,Jorge Martín,M,6,0-14
PA01134,95931701R,Bruno Martín,M,2,0-14
PA01135,25280187B,Hugo Pérez,M,70,65+
PA01136,27807042K,David García,F,89,65+
PA01137,27543604Z,Ana García,M,47,45-54
PA01138,74786249T,Laura García,M,51,45-54
PA01139,91835004K,Sergio Martín,M,31,25-34
PA01140,49801944L,Elena García,M,43,35-44
PA01141,20196210W,Nuria Sánchez,M,32,25-34
PA01142,91897989Q,Sergio Ruiz,M,61,55-64
PA01143,99221192P,Bruno López,F,57,55-64
PA01144,98700063F,Ana Pérez,M,90,65+
PA01145,70182189Z,Lucía Sánchez,M,80,65+
PA01146,87421881R,Nuria Martín,F,69,65+
PA01147,31995797P,Nuria Romero,F,30,25-34
PA01148,56557948R,Pablo López,M,33,25-34
PA01149,49538943P,Sergio Díaz,F,66,65+
PA01150,21290004S,Marta García,F,71,65+
PA01151,39710038X,Lucía García,M,50,45-54
PA01152,32472947K,Pablo Sánchez,F,71,65+
PA01153,11064119F,Marta Romero,F,67,65+
PA01154,33534485R,Mario Ruiz,F,82,65+
PA01155,87023923H,Sergio Hernández,F,37,35-44
PA01156,92628750D,Nuria Díaz,M,46,45-54
PA01157,69692946Y,Sofía Díaz,F,27,25-34
PA01158,97692103D,Bruno Martín,F,59,55-64
PA01159,98968027S,Hugo Romero,M,65,65+
PA01160,14894393M,Irene García,F,14,0-14
PA01161,83229699K,Hugo Díaz,F,88,65+
PA01162,58210387H,Irene Díaz,M,42,35-44
PA01163,61806272X,Nuria Ruiz,F,55,55-64
PA01164,39465508X,Carla Sánchez,F,51,45-54
PA01165,55679842F,Elena Hernández,M,81,65+
PA01166,59249352G,Irene Sánchez,M,40,35-44
PA01167,14418731P,Irene Díaz,M,52,45-54
PA01168,77014995A,Lucía Martín,F,57,55-64
PA01169,62827333W,Carla Ruiz,M,90,65+
PA01170,60605185M,Sofía López,M,48,45-54
PA01171,11338267V,Ana Ruiz,F,71,65+
PA01172,69345344T,Bruno García,F,36,35-44
PA01173,44539052Y,Ana Ruiz,F,88,65+
PA01174,48481195M,Lucía Martín,M,38,35-44
PA01175,41667175A,Elena Romero,M,14,0-14
PA01176,22526425M,Pablo Díaz,F,9,0-14
PA01177,79785129P,Carla Martín,M,90,65+
PA01178,25141961D,Bruno Díaz,F,78,65+
PA01179,46088296C,Nuria Navarro,M,66,65+
PA01180,71151155K,Irene Navarro,F,87,65+
PA01181,70369438B,Nuria Navarro,M,23,15-24
PA01182,35084883A,Lucía Martín,M,71,65+
PA01183,28272996Y,Mario Ruiz,F,39,35-44
PA01184,58818305R,Carla Sánchez,M,52,45-54
PA01185,48426212W,Sofía Ruiz,M,49,45-54
PA01186,43255913D,Carla García,F,21,15-24
PA01187,63182674J,Marta Pérez,F,39,35-44
PA01188,69357239Z,Jorge Martín,F,56,55-64
PA01189,99237088K,Laura Navarro,M,61,55-64
PA01190,56551521H,Sergio Sánchez,F,13,0-14
PA01191,28306166K,Irene Díaz,M,19,15-24
PA01192,87286400X,Hugo Pérez,M,29,25-34
PA01193,30815778H,Irene Sánchez,F,87,65+
PA01194,14750966B,Pablo Hernández,F,39,35-44
PA01195,12453938H,Carla Ruiz,M,83,65+
PA01196,19418882Y,Carla López,M,58,55-64
PA01197,21370635J,Irene Hernández,F,11,0-14
PA01198,66773648N,Lucía López,M,87,65+
PA01199,62473082L,Bruno Martín,M,36,35-44
PA01200,78701811P,Laura Martín,F,41,35-44
PA01201,38602296Y,Carla Pérez,F,22,15-24
PA01202,66156519J,Nuria Ruiz,F,51,45-54
PA01203,12579659D,Nuria Martín,M,8,0-14
PA01204,88476077Z,Lucía Martín,M,13,0-14
PA01205,84721194Q,Lucía Navarro,M,15,15-24
PA01206,10317397W,Sergio Pérez,F,75,65+
PA01207,42105546M,Ana Pérez,F,5,0-14
PA01208,24964026G,Carla García,M,24,15-24
PA01209,10752065J,Mario García,M,25,25-34
PA01210,52800612Z,Carla García,M,40,35-44
PA01211,84911441X,Mario Sánchez,M,17,15-24
PA01212,64004664W,Carla Romero,M,65,65+
PA01213,17608785M,Marta López,M,89,65+
PA01214,92916596F,Carla López,F,37,35-44
PA01215,49453689P,Mario Martín,F,86,65+
PA01216,43245433G,Hugo Hernández,M,46,45-54
PA01217,97554028W,Sergio Romero,M,32,25-34
PA01218,53997797J,Jorge García,F,61,55-64
PA01219,29194353S,David Navarro,M,3,0-14
PA01220,11825153R,Hugo Sánchez,M,40,35-44
PA01221,28868356Q,Irene López,M,17,15-24
PA01222,48173638K,Bruno Díaz,M,35,35-44
PA01223,54413471E,Elena Sánchez,F,32,25-34
PA01224,70727998X,Elena Sánchez,M,88,65+
PA01225,81028411N,Elena Navarro,F,60,55-64
PA01226,63780476E,Mario Romero,M,39,35-44
PA01227,87283634P,Sergio García,M,44,35-44
PA01228,34117105T,Lucía Hernández,M,78,65+
PA01229,85144616B,Sofía Díaz,M,36,35-44
PA01230,28563671D,David Díaz,F,69,65+
PA01231,86617171R,Lucía Navarro,M,76,65+
PA01232,92657162E,Jorge Ruiz,F,56,55-64
PA01233,20920308M,Carla Martín,M,88,65+
PA01234,59088556P,Sergio Ruiz,M,58,55-64
PA01235,38141753V,David Ruiz,F,73,65+
PA01236,82923675E,Nuria García,M,31,25-34
PA01237,74515138J,Irene López,F,12,0-14
PA01238,83454930X,Jorge García,F,19,15-24
PA01239,41683155T,Mario García,M,75,65+
PA01240,75660168D,Laura Ruiz,F,66,65+
PA01241,88756861J,Pablo Ruiz,M,28,25-34
PA01242,27100141E,Elena Sánchez,M,31,25-34
PA01243,99167410N,David Romero,F,41,35-44
PA01244,59349950X,Mario Navarro,M,54,45-54
PA01245,80924791X,Bruno Ruiz,F,73,65+
PA01246,82117534L,Elena López,M,51,45-54
PA01247,40853212T,David Sánchez,M,86,65+
PA01248,59361501N,Bruno Pérez,M,73,65+
PA01249,27321010P,Jorge Ruiz,M,66,65+
PA01250,34968855W,Mario Díaz,F,66,65+
PA01251,89231240B,Nuria Ruiz,M,48,45-54
PA01252,87755287V,David Díaz,F,53,45-54
PA01253,61246840T,Elena Pérez,F,43,35-44
PA01254,82230986B,Lucía Hernández,F,15,15-24
PA01255,35822878Q,Elena Martín,F,35,35-44
PA01256,18215807R,Hugo Martín,M,27,25-34
PA01257,10009871J,Hugo Ruiz,F,25,25-34
PA01258,66083467D,Hugo Romero,F,5,0-14
PA01259,24211188J,Bruno Navarro,F,59,55-64
PA01260,92496869P,Bruno Sánchez,F,3,0-14
PA01261,16068525B,Jorge García,F,28,25-34
PA01262,43728635Y,Bruno García,F,21,15-24
PA01263,95506163W,Carla Romero,F,37,35-44
PA01264,38192540D,Irene Hernández,F,84,65+
PA01265,68531279N,Jorge López,M,39,35-44
PA01266,42137544G,Jorge Ruiz,M,26,25-34
PA01267,31402747W,Marta Pérez,F,24,15-24
PA01268,61813779N,Ana Pérez,M,8,0-14
PA01269,24546804J,Sofía Navarro,F,10,0-14
PA01270,38342935T,Sofía Díaz,M,70,65+
PA01271,18659723C,Irene Martín,F,34,25-34
PA01272,81632740V,Lucía Díaz,M,41,35-44
PA01273,95612577T,Jorge Navarro,M,48,45-54
PA01274,43598944C,Sofía Díaz,M,40,35-44
PA01275,42872184R,Jorge Sánchez,M,66,65+
PA01276,87026874G,Laura Sánchez,F,51,45-54
PA01277,62738777Q,Ana Sánchez,M,71,65+
PA01278,19030382E,Mario García,M,43,35-44
PA01279,89969664T,Irene Ruiz,M,14,0-14
PA01280,97441435V,David Díaz,F,68,65+
PA01281,12444348D,Sergio Díaz,M,2,0-14
PA01282,49429275X,Bruno Pérez,F,68,65+
PA01283,79360823K,Bruno Díaz,M,42,35-44
PA01284,79754287F,Sofía Martín,F,58,55-64
PA01285,99828231D,Lucía López,F,9,0-14
PA01286,73283684H,Nuria Martín,F,74,65+
PA01287,49872768G,Elena López,F,18,15-24
PA01288,33443540G,Jorge Hernández,F,80,65+
PA01289,43577857G,Irene López,F,43,35-44
PA01290,18735437Y,Mario García,M,15,15-24
PA01291,91598064P,Hugo Sánchez,F,85,65+
PA01292,25553274A,Hugo Hernández,M,73,65+
PA01293,83050050K,Lucía Martín,F,77,65+
PA01294,35672306Y,Carla Pérez,F,72,65+
PA01295,13659985S,Bruno Hernández,F,14,0-14
PA01296,90229579L,Ana Romero,F,84,65+
PA01297,84386274M,Laura Pérez,M,28,25-34
PA01298,57253187F,David López,M,52,45-54
PA01299,72738511H,Bruno Martín,M,38,35-44
PA01300,46148882M,Jorge Díaz,F,59,55-64
PA01301,68660945A,David García,F,49,45-54
PA01302,44503892G,Nuria Hernández,F,73,65+
PA01303,78883747A,Lucía Sánchez,M,73,65+
PA01304,81799142J,Elena Romero,F,65,65+
PA01305,87672470Z,Elena Sánchez,F,46,45-54
PA01306,88838946Q,Sergio Martín,M,61,55-64
PA01307,22966874L,Jorge López,F,56,55-64
PA01308,18894265B,Sofía Pérez,F,55,55-64
PA01309,16048547F,Nuria Ruiz,M,71,65+
PA01310,91932617P,Irene Hernández,M,85,65+
PA01311,52105270L,Carla Pérez,M,46,45-54
PA01312,84653498T,Laura Díaz,F,38,35-44
PA01313,47538867N,Jorge Díaz,M,22,15-24
PA01314,10507648W,Nuria López,F,45,45-54
PA01315,67171083K,David Navarro,M,9,0-14
PA01316,59239081V,Laura Martín,M,15,15-24
PA01317,76263009B,Marta López,M,49,45-54
PA01318,54969304G,Nuria Díaz,F,31,25-34
PA01319,32806110F,Pablo Romero,F,46,45-54
PA01320,72539138N,Carla Hernández,F,59,55-64
PA01321,76487305D,Sergio Navarro,F,85,65+
PA01322,56767905S,Ana López,M,82,65+
PA01323,30539265B,Elena López,M,36,35-44
PA01324,79444675E,Carla Ruiz,F,48,45-54
PA01325,80739191B,Sofía Hernández,M,15,15-24
PA01326,32825394H,Pablo García,M,12,0-14
PA01327,22910604J,Hugo Sánchez,F,56,55-64
PA01328,49509289Q,Elena Sánchez,F,19,15-24
PA01329,87490054W,Hugo Romero,M,9,0-14
PA01330,11442928Z,Laura Hernández,F,35,35-44
PA01331,39026704T,Irene Díaz,F,18,15-24
PA01332,73397238C,David Ruiz,F,86,65+
PA01333,97170399T,Hugo Hernández,M,86,65+
PA01334,75325332R,Nuria Díaz,F,30,25-34
PA01335,44867902Y,Pablo Sánchez,M,84,65+
PA01336,78176109F,Elena Navarro,F,27,25-34
PA01337,62029747Z,Hugo García,M,57,55-64
PA01338,43104916C,Bruno Pérez,F,45,45-54
PA01339,15064514E,Sofía Pérez,M,17,15-24
PA01340,43216375E,Sergio Díaz,M,24,15-24
PA01341,13918651C,Sergio Navarro,F,64,55-64
PA01342,14375661J,Ana Martín,M,26,25-34
PA01343,10700686N,Sergio Martín,M,67,65+
PA01344,44468729E,Elena Ruiz,M,36,35-44
PA01345,66487341A,Hugo Hernández,F,85,65+
PA01346,71049207T,Ana Sánchez,M,14,0-14
PA01347,90542081N,Carla Pérez,F,73,65+
PA01348,73007828W,Pablo García,M,15,15-24
PA01349,40317398P,Sofía Romero,F,53,45-54
PA01350,45163785D,Hugo Pérez,F,33,25-34
PA01351,60294535E,Lucía Ruiz,F,15,15-24
PA01352,19105708C,Bruno García,M,49,45-54
PA01353,86149681L,Lucía Sánchez,F,71,65+
PA01354,88852708M,Marta Romero,M,25,25-34
PA01355,29473759H,Irene Hernández,M,88,65+
PA01356,28317054V,Jorge Hernández,F,61,55-64
PA01357,60520099X,Ana Martín,M,72,65+
PA01358,48572939Q,Pablo López,F,24,15-24
PA01359,51212575G,Sofía Romero,F,18,15-24
PA01360,19568702B,David García,F,34,25-34
PA01361,47583342H,Ana García,F,57,55-64
PA01362,93125599D,Hugo Pérez,M,17,15-24
PA01363,95979475J,Elena Sánchez,F,44,35-44
PA01364,90052746N,Laura Pérez,M,52,45-54
PA01365,68474268A,Laura Romero,M,30,25-34
PA01366,97004379V,Carla Hernández,M,24,15-24
PA01367,36015089N,Bruno López,M,90,65+
PA01368,30070972E,Ana López,F,28,25-34
PA01369,44853302Z,Bruno Sánchez,M,26,25-34
PA01370,61507450L,Nuria Ruiz,F,82,65+
PA01371,59528282P,Carla Romero,M,90,65+
PA01372,74539426Z,David Navarro,M,59,55-64
PA01373,17550228G,Lucía Romero,F,60,55-64
PA01374,37831883F,Jorge Navarro,F,76,65+
PA01375,51050034F,Carla Ruiz,F,16,15-24
PA01376,20081265J,Lucía Ruiz,M,74,65+
PA01377,28241358Y,Lucía Navarro,F,66,65+
PA01378,65292812P,Hugo Navarro,F,64,55-64
PA01379,62552819Q,Jorge Hernández,M,88,65+
PA01380,37823311C,Bruno Hernández,F,48,45-54
PA01381,64107106Z,Sergio Martín,M,11,0-14
PA01382,54157254S,Bruno Díaz,F,53,45-54
PA01383,50722901L,Nuria García,F,12,0-14
PA01384,59054929H,Hugo López,F,21,15-24
PA01385,91716630E,Irene Pérez,M,77,65+
PA01386,38739656H,Irene Hernández,F,53,45-54
PA01387,24054794G,Irene López,M,14,0-14
PA01388,79428492D,Jorge García,M,81,65+
PA01389,29787359W,Sergio García,M,17,15-24
PA01390,99219868R,Laura Díaz,M,53,45-54
PA01391,92190320Y,Hugo Hernández,M,68,65+
PA01392,70742491R,Lucía Hernández,F,53,45-54
PA01393,16627583M,Nuria Navarro,M,7,0-14
PA01394,97747939H,David Romero,M,48,45-54
PA01395,40987021S,Lucía Romero,F,64,55-64
PA01396,27418199Z,Lucía Sánchez,F,29,25-34
PA01397,21840657S,Sergio García,M,28,25-34
PA01398,83775892D,Ana Ruiz,M,71,65+
PA01399,95314999K,Pablo Ruiz,F,8,0-14
PA01400,48595343P,Hugo Martín,F,47,45-54
