ClienteID,Email,Nombre,PaisResidencia,CiudadResidencia
CL00001,cliente00001@bancofaro.es,Pablo Pérez,España,Barcelona
CL00002,cliente00002@bancofaro.es,Pablo Díaz,España,Alicante
CL00003,cliente00003@bancofaro.es,Irene Hernández,España,Bilbao
CL00004,cliente00004@bancofaro.es,Ana Navarro,España,Sevilla
CL00005,cliente00005@bancofaro.es,Nuria Romero,Francia,Valencia
CL00006,cliente00006@bancofaro.es,Lucía Hernández,España,Alicante
CL00007,cliente00007@bancofaro.es,Marta Ruiz,España,Zaragoza
CL00008,cliente00008@bancofaro.es,Hugo Martín,Portugal,Valencia
CL00009,cliente00009@bancofaro.es,Sergio García,España,Bilbao
CL00010,cliente00010@bancofaro.es,Nuria García,España,Alicante
CL00011,cliente00011@bancofaro.es,Sergio Romero,España,Valencia
CL00012,cliente00012@bancofaro.es,Jorge Pérez,España,Sevilla
CL00013,cliente00013@bancofaro.es,Mario Hernández,España,Barcelona
CL00014,cliente00014@bancofaro.es,Nuria Ruiz,España,Madrid
CL00015,cliente00015@bancofaro.es,Nuria Martín,España,Zaragoza
CL00016,cliente00016@bancofaro.es,Pablo Martín,España,Sevilla
CL00017,cliente00017@bancofaro.es,Carla Sánchez,España,Bilbao
CL00018,cliente00018@bancofaro.es,Lucía Ruiz,España,Barcelona
CL00019,cliente00019@bancofaro.es,Pablo Romero,España,Málaga
CL00020,cliente00020@bancofaro.es,Marta García,España,Madrid
CL00021,cliente00021@bancofaro.es,Ana Pérez,España,Alicante
CL00022,cliente00022@bancofaro.es,Jorge López,España,Zaragoza
CL00023,cliente00023@bancofaro.es,Laura García,España,Valencia
CL00024,cliente00024@bancofaro.es,Elena Díaz,Portugal,Zaragoza
CL00025,cliente00025@bancofaro.es,Bruno García,España,Valencia
CL00026,cliente00026@bancofaro.es,Elena Martín,España,Sevilla
CL00027,cliente00027@bancofaro.es,Ana Hernández,Italia,Barcelona
CL00028,cliente00028@bancofaro.es,Sergio Hernández,España,Bilbao
CL00029,cliente00029@bancofaro.es,Carla López,Portugal,Bilbao
CL00030,cliente00030@bancofaro.es,Sergio Hernández,España,Madrid
CL00031,cliente00031@bancofaro.es,Hugo Martín,España,Alicante
CL00032,cliente00032@bancofaro.es,Irene Ruiz,Italia,Bilbao
CL00033,cliente00033@bancofaro.es,Hugo López,España,Alicante
CL00034,cliente00034@bancofaro.es,Nuria Díaz,España,Madrid
CL00035,cliente00035@bancofaro.es,Carla Martín,España,Barcelona
CL00036,cliente00036@bancofaro.es,Hugo Martín,España,Zaragoza
CL00037,cliente00037@bancofaro.es,Sergio Navarro,España,Sevilla
CL00038,cliente00038@bancofaro.es,Marta Ruiz,España,Málaga
CL00039,cliente00039@bancofaro.es,Pablo Martín,España,Sevilla
CL00040,cliente00040@bancofaro.es,Carla García,España,Alicante
CL00041,cliente00041@bancofaro.es,Nuria Navarro,España,Alicante
CL00042,cliente00042@bancofaro.es,Sergio Ruiz,España,Barcelona
CL00043,cliente00043@bancofaro.es,Hugo Ruiz,España,Bilbao
CL00044,cliente00044@bancofaro.es,Bruno García,España,Zaragoza
CL00045,cliente00045@bancofaro.es,Sergio López,España,Valencia
CL00046,cliente00046@bancofaro.es,Ana Pérez,Portugal,Valencia
CL00047,cliente00047@bancofaro.es,Lucía Sánchez,España,Barcelona
CL00048,cliente00048@bancofaro.es,Elena Díaz,España,Málaga
CL00049,cliente00049@bancofaro.es,David López,Reino Unido,Bilbao
CL00050,cliente00050@bancofaro.es,Hugo Díaz,España,Sevilla
CL00051,cliente00051@bancofaro.es,Ana Díaz,Francia,Zaragoza
CL00052,cliente00052@bancofaro.es,Nuria López,España,Madrid
CL00053,cliente00053@bancofaro.es,Jorge Díaz,España,Sevilla
CL00054,cliente00054@bancofaro.es,Laura Ruiz,España,Zaragoza
CL00055,cliente00055@bancofaro.es,Ana Romero,Italia,Alicante
CL00056,cliente00056@bancofaro.es,Nuria Hernández,España,Zaragoza
CL00057,cliente00057@bancofaro.es,Hugo Sánchez,Francia,Zaragoza
CL00058,cliente00058@bancofaro.es,Lucía Díaz,Francia,Barcelona
CL00059,cliente00059@bancofaro.es,Nuria Sánchez,España,Sevilla
CL00060,cliente00060@bancofaro.es,Ana Martín,Italia,Sevilla
CL00061,cliente00061@bancofaro.es,Marta Romero,España,Sevilla
CL00062,cliente00062@bancofaro.es,Pablo Sánchez,España,Valencia
CL00063,cliente00063@bancofaro.es,Hugo Ruiz,España,Zaragoza
CL00064,cliente00064@bancofaro.es,Irene Romero,España,Bilbao
CL00065,cliente00065@bancofaro.es,Nuria Sánchez,España,Zaragoza
CL00066,cliente00066@bancofaro.es,Nuria Pérez,España,Zaragoza
CL00067,cliente00067@bancofaro.es,Pablo Martín,España,Sevilla
CL00068,cliente00068@bancofaro.es,Ana García,España,Barcelona
CL00069,cliente00069@bancofaro.es,Lucía Romero,España,Málaga
CL00070,cliente00070@bancofaro.es,Hugo Sánchez,España,Bilbao
CL00071,cliente00071@bancofaro.es,Hugo Romero,España,Bilbao
CL00072,cliente00072@bancofaro.es,David Sánchez,España,Málaga
CL00073,cliente00073@bancofaro.es,Lucía Ruiz,España,Alicante
CL00074,cliente00074@bancofaro.es,Irene Ruiz,España,Barcelona
CL00075,cliente00075@bancofaro.es,David Hernández,Portugal,Sevilla
CL00076,cliente00076@bancofaro.es,Elena Navarro,España,Madrid
CL00077,cliente00077@bancofaro.es,Elena Sánchez,España,Bilbao
CL00078,cliente00078@bancofaro.es,Pablo Díaz,España,Zaragoza
CL00079,cliente00079@bancofaro.es,David Navarro,España,Madrid
CL00080,cliente00080@bancofaro.es,Mario Sánchez,España,Barcelona
CL00081,cliente00081@bancofaro.es,Marta Romero,Francia,Valencia
CL00082,cliente00082@bancofaro.es,Hugo Ruiz,España,Valencia
CL00083,cliente00083@bancofaro.es,Lucía Navarro,España,Valencia
CL00084,cliente00084@bancofaro.es,Pablo López,España,Málaga
CL00085,cliente00085@bancofaro.es,Irene García,Portugal,Barcelona
CL00086,cliente00086@bancofaro.es,Laura Hernández,España,Madrid
CL00087,cliente00087@bancofaro.es,Jorge Hernández,Francia,Bilbao
CL00088,cliente00088@bancofaro.es,Hugo Romero,Alemania,Bilbao
CL00089,cliente00089@bancofaro.es,Nuria Martín,Alemania,Sevilla
CL00090,cliente00090@bancofaro.es,Elena Sánchez,España,Alicante
CL00091,cliente00091@bancofaro.es,Elena Sánchez,Italia,Sevilla
CL00092,cliente00092@bancofaro.es,Ana Navarro,España,Málaga
CL00093,cliente00093@bancofaro.es,Ana Sánchez,España,Barcelona
CL00094,cliente00094@bancofaro.es,Irene Romero,España,Sevilla
CL00095,cliente00095@bancofaro.es,Ana García,España,Valencia
CL00096,cliente00096@bancofaro.es,Bruno Martín,Reino Unido,Valencia
CL00097,cliente00097@bancofaro.es,Mario Pérez,España,Málaga
CL00098,cliente00098@bancofaro.es,Pablo Hernández,Italia,Alicante
CL00099,cliente00099@bancofaro.es,Mario Romero,Reino Unido,Valencia
CL00100,cliente00100@bancofaro.es,Elena López,España,Málaga
CL00101,cliente00101@bancofaro.es,Bruno López,España,Madrid
CL00102,cliente00102@bancofaro.es,Sofía Pérez,España,Sevilla
CL00103,cliente00103@bancofaro.es,Jorge Romero,España,Alicante
CL00104,cliente00104@bancofaro.es,Ana Díaz,Portugal,Málaga
CL00105,cliente00105@bancofaro.es,Laura Pérez,España,Alicante
CL00106,cliente00106@bancofaro.es,David Hernández,España,Barcelona
CL00107,cliente00107@bancofaro.es,Laura Sánchez,España,Barcelona
CL00108,cliente00108@bancofaro.es,Marta Martín,Italia,Zaragoza
CL00109,cliente00109@bancofaro.es,Sergio Romero,España,Valencia
CL00110,cliente00110@bancofaro.es,Ana López,Reino Unido,Valencia
CL00111,cliente00111@bancofaro.es,Nuria Díaz,España,Zaragoza
CL00112,cliente00112@bancofaro.es,Hugo Ruiz,España,Sevilla
CL00113,cliente00113@bancofaro.es,Elena García,Reino Unido,Sevilla
CL00114,cliente00114@bancofaro.es,Sergio Díaz,España,Zaragoza
CL00115,cliente00115@bancofaro.es,Mario Ruiz,España,Málaga
CL00116,cliente00116@bancofaro.es,Irene Sánchez,España,Valencia
CL00117,cliente00117@bancofaro.es,Jorge López,España,Bilbao
CL00118,cliente00118@bancofaro.es,Lucía Martín,Portugal,Valencia
CL00119,cliente00119@bancofaro.es,Mario García,España,Málaga
CL00120,cliente00120@bancofaro.es,Sofía García,España,Alicante
CL00121,cliente00121@bancofaro.es,Irene Martín,España,Zaragoza
CL00122,cliente00122@bancofaro.es,Ana Sánchez,España,Madrid
CL00123,cliente00123@bancofaro.es,Ana Martín,España,Bilbao
CL00124,cliente00124@bancofaro.es,Elena García,España,Sevilla
CL00125,cliente00125@bancofaro.es,Elena Pérez,España,Valencia
CL00126,cliente00126@bancofaro.es,Sergio Romero,Reino Unido,Barcelona
CL00127,cliente00127@bancofaro.es,Elena Díaz,Alemania,Bilbao
CL00128,cliente00128@bancofaro.es,Nuria Martín,España,Barcelona
CL00129,cliente00129@bancofaro.es,Carla Romero,Portugal,Zaragoza
CL00130,cliente00130@bancofaro.es,Sofía Díaz,España,Zaragoza
CL00131,cliente00131@bancofaro.es,Laura Pérez,España,Sevilla
CL00132,cliente00132@bancofaro.es,Elena López,España,Valencia
CL00133,cliente00133@bancofaro.es,Sofía Navarro,España,Zaragoza
CL00134,cliente00134@bancofaro.es,Mario Díaz,España,Alicante
CL00135,cliente00135@bancofaro.es,Irene Pérez,España,Bilbao
CL00136,cliente00136@bancofaro.es,Carla López,España,Madrid
CL00137,cliente00137@bancofaro.es,Ana Ruiz,España,Barcelona
CL00138,cliente00138@bancofaro.es,Jorge Romero,España,Bilbao
CL00139,cliente00139@bancofaro.es,Jorge Martín,Italia,Bilbao
CL00140,cliente00140@bancofaro.es,Jorge García,España,Madrid
CL00141,cliente00141@bancofaro.es,Laura Díaz,Italia,Málaga
CL00142,cliente00142@bancofaro.es,Mario Sánchez,Alemania,Valencia
CL00143,cliente00143@bancofaro.es,Mario Romero,España,Málaga
CL00144,cliente00144@bancofaro.es,Elena López,España,Zaragoza
CL00145,cliente00145@bancofaro.es,Nuria Martín,España,Bilbao
CL00146,cliente00146@bancofaro.es,Elena Martín,España,Málaga
CL00147,cliente00147@bancofaro.es,Marta Martín,Francia,Valencia
CL00148,cliente00148@bancofaro.es,Jorge Díaz,España,Sevilla
CL00149,cliente00149@bancofaro.es,Sergio Martín,España,Sevilla
CL00150,cliente00150@bancofaro.es,Sofía Ruiz,España,Valencia
CL00151,cliente00151@bancofaro.es,Mario Martín,España,Bilbao
CL00152,cliente00152@bancofaro.es,Sergio Martín,Portugal,Madrid
CL00153,cliente00153@bancofaro.es,Ana Navarro,Portugal,Málaga
CL00154,cliente00154@bancofaro.es,Pablo García,Francia,Bilbao
CL00155,cliente00155@bancofaro.es,Ana Sánchez,España,Madrid
CL00156,cliente00156@bancofaro.es,Jorge García,España,Alicante
CL00157,cliente00157@bancofaro.es,Sofía Pérez,España,Zaragoza
CL00158,cliente00158@bancofaro.es,Irene Pérez,España,Alicante
CL00159,cliente00159@bancofaro.es,Pablo Romero,España,Málaga
CL00160,cliente00160@bancofaro.es,Mario García,España,Zaragoza
CL00161,cliente00161@bancofaro.es,Mario Hernández,España,Barcelona
CL00162,cliente00162@bancofaro.es,Pablo Navarro,España,Valencia
CL00163,cliente00163@bancofaro.es,Bruno Martín,España,Zaragoza
CL00164,cliente00164@bancofaro.es,Pablo García,Francia,Valencia
CL00165,cliente00165@bancofaro.es,Mario Hernández,España,Barcelona
CL00166,cliente00166@bancofaro.es,Pablo Sánchez,España,Valencia
CL00167,cliente00167@bancofaro.es,Laura Navarro,España,Málaga
CL00168,cliente00168@bancofaro.es,Nuria Hernández,España,Málaga
CL00169,cliente00169@bancofaro.es,Marta Díaz,España,Valencia
CL00170,cliente00170@bancofaro.es,Marta Romero,España,Barcelona
CL00171,cliente00171@bancofaro.es,Mario Díaz,España,Madrid
CL00172,cliente00172@bancofaro.es,Bruno Pérez,España,Alicante
CL00173,cliente00173@bancofaro.es,Nuria García,Francia,Bilbao
CL00174,cliente00174@bancofaro.es,Carla Hernández,España,Zaragoza
CL00175,cliente00175@bancofaro.es,Jorge García,España,Barcelona
CL00176,cliente00176@bancofaro.es,Lucía Hernández,España,Málaga
CL00177,cliente00177@bancofaro.es,Carla Díaz,Italia,Madrid
CL00178,cliente00178@bancofaro.es,Marta García,España,Zaragoza
CL00179,cliente00179@bancofaro.es,Laura López,España,Alicante
CL00180,cliente00180@bancofaro.es,Sergio López,España,Málaga
CL00181,cliente00181@bancofaro.es,Sergio Pérez,España,Málaga
CL00182,cliente00182@bancofaro.es,Hugo Sánchez,España,Sevilla
CL00183,cliente00183@bancofaro.es,Bruno Romero,España,Barcelona
CL00184,cliente00184@bancofaro.es,Carla Hernández,Alemania,Alicante
CL00185,cliente00185@bancofaro.es,Bruno Díaz,Reino Unido,Málaga
CL00186,cliente00186@bancofaro.es,Elena Hernández,España,Bilbao
CL00187,cliente00187@bancofaro.es,Marta Romero,España,Madrid
CL00188,cliente00188@bancofaro.es,Pablo López,España,Bilbao
CL00189,cliente00189@bancofaro.es,Mario Martín,España,Bilbao
CL00190,cliente00190@bancofaro.es,Irene Díaz,Francia,Barcelona
CL00191,cliente00191@bancofaro.es,Jorge Sánchez,España,Zaragoza
CL00192,cliente00192@bancofaro.es,Bruno Sánchez,España,Valencia
CL00193,cliente00193@bancofaro.es,Irene Pérez,España,Madrid
CL00194,cliente00194@bancofaro.es,Nuria García,España,Valencia
CL00195,cliente00195@bancofaro.es,Ana Romero,España,Zaragoza
CL00196,cliente00196@bancofaro.es,Ana Pérez,Francia,Zaragoza
CL00197,cliente00197@bancofaro.es,Sergio Ruiz,Portugal,Alicante
CL00198,cliente00198@bancofaro.es,Carla Romero,España,Madrid
CL00199,cliente00199@bancofaro.es,Lucía López,España,Alicante
CL00200,cliente00200@bancofaro.es,Carla Romero,Francia,Zaragoza
CL00201,cliente00201@bancofaro.es,Carla Hernández,España,Madrid
CL00202,cliente00202@bancofaro.es,Elena Pérez,España,Valencia
CL00203,cliente00203@bancofaro.es,Jorge Navarro,España,Zaragoza
CL00204,cliente00204@bancofaro.es,Carla Díaz,España,Bilbao
CL00205,cliente00205@bancofaro.es,Laura López,España,Barcelona
CL00206,cliente00206@bancofaro.es,Ana Romero,Francia,Alicante
CL00207,cliente00207@bancofaro.es,Nuria Romero,Francia,Madrid
CL00208,cliente00208@bancofaro.es,Lucía Ruiz,España,Sevilla
CL00209,cliente00209@bancofaro.es,Irene Martín,Francia,Sevilla
CL00210,cliente00210@bancofaro.es,Carla Navarro,España,Sevilla
CL00211,cliente00211@bancofaro.es,Irene Ruiz,España,Madrid
CL00212,cliente00212@bancofaro.es,Pablo Pérez,España,Madrid
CL00213,cliente00213@bancofaro.es,Pablo Romero,España,Málaga
CL00214,cliente00214@bancofaro.es,Lucía Ruiz,España,Alicante
CL00215,cliente00215@bancofaro.es,Bruno Romero,España,Barcelona
CL00216,cliente00216@bancofaro.es,Elena Sánchez,España,Sevilla
CL00217,cliente00217@bancofaro.es,Mario García,Reino Unido,Alicante
CL00218,cliente00218@bancofaro.es,Hugo Hernández,España,Valencia
CL00219,cliente00219@bancofaro.es,David Ruiz,España,Valencia
CL00220,cliente00220@bancofaro.es,Marta Martín,España,Madrid
CL00221,cliente00221@bancofaro.es,David Hernández,España,Sevilla
CL00222,cliente00222@bancofaro.es,Laura Pérez,España,Madrid
CL00223,cliente00223@bancofaro.es,Elena Martín,España,Valencia
CL00224,cliente00224@bancofaro.es,Sergio López,España,Valencia
CL00225,cliente00225@bancofaro.es,Marta Martín,España,Sevilla
CL00226,cliente00226@bancofaro.es,Carla Romero,España,Madrid
CL00227,cliente00227@bancofaro.es,Bruno Hernández,España,Madrid
CL00228,cliente00228@bancofaro.es,Nuria Pérez,España,Valencia
CL00229,cliente00229@bancofaro.es,Carla Martín,España,Valencia
CL00230,cliente00230@bancofaro.es,Pablo Hernández,España,Zaragoza
CL00231,cliente00231@bancofaro.es,Nuria Sánchez,España,Sevilla
CL00232,cliente00232@bancofaro.es,Pablo Romero,Portugal,Zaragoza
CL00233,cliente00233@bancofaro.es,Nuria Pérez,España,Madrid
CL00234,cliente00234@bancofaro.es,Pablo García,España,Málaga
CL00235,cliente00235@bancofaro.es,Nuria Díaz,Portugal,Alicante
CL00236,cliente00236@bancofaro.es,Carla Pérez,España,Sevilla
CL00237,cliente00237@bancofaro.es,Lucía Navarro,España,Bilbao
CL00238,cliente00238@bancofaro.es,Nuria López,España,Zaragoza
CL00239,cliente00239@bancofaro.es,Laura Ruiz,España,Málaga
CL00240,cliente00240@bancofaro.es,Carla Martín,España,Sevilla
CL00241,cliente00241@bancofaro.es,Lucía Romero,España,Valencia
CL00242,cliente00242@bancofaro.es,Pablo Pérez,Alemania,Bilbao
CL00243,cliente00243@bancofaro.es,Jorge Pérez,España,Sevilla
CL00244,cliente00244@bancofaro.es,Laura García,Italia,Madrid
CL00245,cliente00245@bancofaro.es,Carla Hernández,España,Zaragoza
CL00246,cliente00246@bancofaro.es,Sergio Díaz,España,Alicante
CL00247,cliente00247@bancofaro.es,Sofía Navarro,Alemania,Valencia
CL00248,cliente00248@bancofaro.es,Lucía Ruiz,España,Bilbao
CL00249,cliente00249@bancofaro.es,Bruno Hernández,España,Málaga
CL00250,cliente00250@bancofaro.es,Jorge Navarro,Francia,Barcelona
CL00251,cliente00251@bancofaro.es,Sofía Díaz,España,Málaga
CL00252,cliente00252@bancofaro.es,Laura Pérez,España,Valencia
CL00253,cliente00253@bancofaro.es,Lucía López,España,Barcelona
CL00254,cliente00254@bancofaro.es,Sofía Pérez,España,Alicante
CL00255,cliente00255@bancofaro.es,Mario García,España,Barcelona
CL00256,cliente00256@bancofaro.es,Elena Pérez,España,Barcelona
CL00257,cliente00257@bancofaro.es,Bruno López,España,Zaragoza
CL00258,cliente00258@bancofaro.es,Nuria Díaz,España,Barcelona
CL00259,cliente00259@bancofaro.es,Sofía Romero,España,Málaga
CL00260,cliente00260@bancofaro.es,Jorge Martín,Francia,Sevilla
CL00261,cliente00261@bancofaro.es,Carla García,España,Málaga
CL00262,cliente00262@bancofaro.es,Pablo Martín,Portugal,Sevilla
CL00263,cliente00263@bancofaro.es,Lucía Pérez,España,Madrid
CL00264,cliente00264@bancofaro.es,Sofía Pérez,España,Málaga
CL00265,cliente00265@bancofaro.es,Ana López,España,Málaga
CL00266,cliente00266@bancofaro.es,Carla Ruiz,España,Bilbao
CL00267,cliente00267@bancofaro.es,Hugo Martín,España,Zaragoza
CL00268,cliente00268@bancofaro.es,Sofía Navarro,España,Bilbao
CL00269,cliente00269@bancofaro.es,Carla López,España,Sevilla
CL00270,cliente00270@bancofaro.es,Nuria García,España,Sevilla
CL00271,cliente00271@bancofaro.es,Elena López,Italia,Málaga
CL00272,cliente00272@bancofaro.es,David Díaz,España,Zaragoza
CL00273,cliente00273@bancofaro.es,Sofía Ruiz,España,Sevilla
CL00274,cliente00274@bancofaro.es,Carla Romero,España,Alicante
CL00275,cliente00275@bancofaro.es,Nuria Ruiz,España,Madrid
CL00276,cliente00276@bancofaro.es,Hugo García,España,Alicante
CL00277,cliente00277@bancofaro.es,David Martín,España,Sevilla
CL00278,cliente00278@bancofaro.es,Hugo Ruiz,Portugal,Madrid
CL00279,cliente00279@bancofaro.es,Nuria López,España,Bilbao
CL00280,cliente00280@bancofaro.es,Laura Navarro,España,Bilbao
CL00281,cliente00281@bancofaro.es,Carla Díaz,España,Bilbao
CL00282,cliente00282@bancofaro.es,Mario Sánchez,España,Alicante
CL00283,cliente00283@bancofaro.es,Marta López,España,Valencia
CL00284,cliente00284@bancofaro.es,David García,España,Barcelona
CL00285,cliente00285@bancofaro.es,Elena Sánchez,España,Sevilla
CL00286,cliente00286@bancofaro.es,Elena López,Portugal,Málaga
CL00287,cliente00287@bancofaro.es,Mario López,Francia,Bilbao
CL00288,cliente00288@bancofaro.es,Jorge Ruiz,España,Zaragoza
CL00289,cliente00289@bancofaro.es,Marta Martín,España,Madrid
CL00290,cliente00290@bancofaro.es,Mario Martín,España,Barcelona
CL00291,cliente00291@bancofaro.es,Mario Sánchez,Reino Unido,Alicante
CL00292,cliente00292@bancofaro.es,Pablo López,España,Zaragoza
CL00293,cliente00293@bancofaro.es,Nuria Navarro,España,Sevilla
CL00294,cliente00294@bancofaro.es,Hugo Ruiz,España,Alicante
CL00295,cliente00295@bancofaro.es,Marta Martín,Reino Unido,Madrid
CL00296,cliente00296@bancofaro.es,Pablo Ruiz,España,Alicante
CL00297,cliente00297@bancofaro.es,Sofía Romero,España,Málaga
CL00298,cliente00298@bancofaro.es,Elena Romero,Italia,Barcelona
CL00299,cliente00299@bancofaro.es,Elena Ruiz,España,Valencia
CL00300,cliente00300@bancofaro.es,Bruno Pérez,España,Valencia
CL00301,cliente00301@bancofaro.es,Carla Martín,Francia,Valencia
CL00302,cliente00302@bancofaro.es,Elena Ruiz,Francia,Zaragoza
CL00303,cliente00303@bancofaro.es,Nuria López,España,Barcelona
CL00304,cliente00304@bancofaro.es,Ana Pérez,España,Madrid
CL00305,cliente00305@bancofaro.es,Ana Ruiz,España,Alicante
CL00306,cliente00306@bancofaro.es,Sofía Martín,España,Bilbao
CL00307,cliente00307@bancofaro.es,Ana Hernández,España,Zaragoza
CL00308,cliente00308@bancofaro.es,Jorge Sánchez,Italia,Málaga
CL00309,cliente00309@bancofaro.es,David Romero,Portugal,Valencia
CL00310,cliente00310@bancofaro.es,Elena Sánchez,España,Zaragoza
CL00311,cliente00311@bancofaro.es,Pablo Hernández,España,Valencia
CL00312,cliente00312@bancofaro.es,Sofía Romero,España,Barcelona
CL00313,cliente00313@bancofaro.es,Marta García,España,Málaga
CL00314,cliente00314@bancofaro.es,Sofía Sánchez,España,Valencia
CL00315,cliente00315@bancofaro.es,Laura Martín,España,Valencia
CL00316,cliente00316@bancofaro.es,Mario Martín,Francia,Madrid
CL00317,cliente00317@bancofaro.es,Hugo Pérez,Alemania,Madrid
CL00318,cliente00318@bancofaro.es,Laura García,España,Bilbao
CL00319,cliente00319@bancofaro.es,Hugo Díaz,España,Madrid
CL00320,cliente00320@bancofaro.es,Irene Navarro,España,Zaragoza
CL00321,cliente00321@bancofaro.es,Sofía Ruiz,Francia,Zaragoza
CL00322,cliente00322@bancofaro.es,Nuria García,España,Alicante
CL00323,cliente00323@bancofaro.es,Irene García,España,Málaga
CL00324,cliente00324@bancofaro.es,Lucía Pérez,España,Madrid
CL00325,cliente00325@bancofaro.es,Lucía Martín,España,Bilbao
CL00326,cliente00326@bancofaro.es,Sofía Martín,España,Bilbao
CL00327,cliente00327@bancofaro.es,Mario Romero,España,Sevilla
CL00328,cliente00328@bancofaro.es,Lucía López,España,Zaragoza
CL00329,cliente00329@bancofaro.es,Lucía López,Francia,Zaragoza
CL00330,cliente00330@bancofaro.es,Marta Sánchez,España,Zaragoza
CL00331,cliente00331@bancofaro.es,Sofía García,España,Madrid
CL00332,cliente00332@bancofaro.es,Ana López,España,Valencia
CL00333,cliente00333@bancofaro.es,David Díaz,España,Valencia
CL00334,cliente00334@bancofaro.es,David García,España,Málaga
CL00335,cliente00335@bancofaro.es,Lucía Díaz,España,Valencia
CL00336,cliente00336@bancofaro.es,Ana García,Alemania,Barcelona
CL00337,cliente00337@bancofaro.es,Elena Sánchez,España,Barcelona
CL00338,cliente00338@bancofaro.es,Sofía Romero,España,Barcelona
CL00339,cliente00339@bancofaro.es,Mario Díaz,España,Zaragoza
CL00340,cliente00340@bancofaro.es,Ana Romero,Italia,Alicante
CL00341,cliente00341@bancofaro.es,David Ruiz,Portugal,Málaga
CL00342,cliente00342@bancofaro.es,Sergio Pérez,España,Sevilla
CL00343,cliente00343@bancofaro.es,Ana Ruiz,España,Valencia
CL00344,cliente00344@bancofaro.es,Elena Romero,Portugal,Alicante
CL00345,cliente00345@bancofaro.es,Jorge Romero,España,Zaragoza
CL00346,cliente00346@bancofaro.es,Irene López,Alemania,Zaragoza
CL00347,cliente00347@bancofaro.es,Nuria López,España,Barcelona
CL00348,cliente00348@bancofaro.es,Nuria Díaz,España,Zaragoza
CL00349,cliente00349@bancofaro.es,Marta Ruiz,España,Málaga
CL00350,cliente00350@bancofaro.es,Bruno Ruiz,España,Bilbao
CL00351,cliente00351@bancofaro.es,Ana Pérez,Alemania,Valencia
CL00352,cliente00352@bancofaro.es,Hugo García,España,Málaga
CL00353,cliente00353@bancofaro.es,Mario Sánchez,España,Madrid
CL00354,cliente00354@bancofaro.es,Bruno Navarro,Francia,Málaga
CL00355,cliente00355@bancofaro.es,Hugo Sánchez,Portugal,Bilbao
CL00356,cliente00356@bancofaro.es,Ana Hernández,España,Madrid
CL00357,cliente00357@bancofaro.es,Pablo Sánchez,España,Zaragoza
CL00358,cliente00358@bancofaro.es,Ana García,España,Bilbao
CL00359,cliente00359@bancofaro.es,Sergio Martín,España,Madrid
CL00360,cliente00360@bancofaro.es,Pablo Pérez,Italia,Madrid
CL00361,cliente00361@bancofaro.es,Nuria García,España,Madrid
CL00362,cliente00362@bancofaro.es,Mario Hernández,Portugal,Málaga
CL00363,cliente00363@bancofaro.es,Jorge Ruiz,Italia,Bilbao
CL00364,cliente00364@bancofaro.es,Pablo Sánchez,España,Málaga
CL00365,cliente00365@bancofaro.es,Irene Martín,España,Zaragoza
CL00366,cliente00366@bancofaro.es,Sergio Hernández,España,Málaga
CL00367,cliente00367@bancofaro.es,Carla Pérez,España,Valencia
CL00368,cliente00368@bancofaro.es,David Romero,España,Madrid
CL00369,cliente00369@bancofaro.es,Mario Sánchez,España,Zaragoza
CL00370,cliente00370@bancofaro.es,Irene Pérez,España,Zaragoza
CL00371,cliente00371@bancofaro.es,Marta Díaz,España,Madrid
CL00372,cliente00372@bancofaro.es,Sofía Martín,España,Málaga
CL00373,cliente00373@bancofaro.es,Sergio Hernández,España,Sevilla
CL00374,cliente00374@bancofaro.es,Mario García,España,Zaragoza
CL00375,cliente00375@bancofaro.es,Pablo Sánchez,Portugal,Alicante
CL00376,cliente00376@bancofaro.es,Mario Navarro,España,Sevilla
CL00377,cliente00377@bancofaro.es,Sergio Hernández,España,Málaga
CL00378,cliente00378@bancofaro.es,Carla García,España,Sevilla
CL00379,cliente00379@bancofaro.es,Ana Sánchez,Francia,Málaga
CL00380,cliente00380@bancofaro.es,David Hernández,Portugal,Alicante
CL00381,cliente00381@bancofaro.es,Marta Sánchez,España,Alicante
CL00382,cliente00382@bancofaro.es,Bruno Díaz,España,Sevilla
CL00383,cliente00383@bancofaro.es,Bruno Hernández,Italia,Málaga
CL00384,cliente00384@bancofaro.es,Sofía López,España,Sevilla
CL00385,cliente00385@bancofaro.es,Bruno Hernández,España,Sevilla
CL00386,cliente00386@bancofaro.es,Mario Romero,España,Madrid
CL00387,cliente00387@bancofaro.es,Sofía Ruiz,España,Alicante
CL00388,cliente00388@bancofaro.es,Irene Pérez,Alemania,Sevilla
CL00389,cliente00389@bancofaro.es,Lucía García,España,Alicante
CL00390,cliente00390@bancofaro.es,Marta Pérez,España,Sevilla
CL00391,cliente00391@bancofaro.es,Carla Romero,España,Málaga
CL00392,cliente00392@bancofaro.es,Carla Romero,España,Sevilla
CL00393,cliente00393@bancofaro.es,Irene Díaz,España,Bilbao
CL00394,cliente00394@bancofaro.es,Lucía Díaz,España,Bilbao
CL00395,cliente00395@bancofaro.es,Mario Díaz,España,Alicante
CL00396,cliente00396@bancofaro.es,Jorge Ruiz,España,Málaga
CL00397,cliente00397@bancofaro.es,Nuria Pérez,España,Bilbao
CL00398,cliente00398@bancofaro.es,Hugo García,España,Madrid
CL00399,cliente00399@bancofaro.es,Jorge López,España,Zaragoza
CL00400,cliente00400@bancofaro.es,Carla Díaz,España,Zaragoza
CL00401,cliente00401@bancofaro.es,Carla Sánchez,España,Zaragoza
CL00402,cliente00402@bancofaro.es,Hugo García,España,Zaragoza
CL00403,cliente00403@bancofaro.es,Sergio Navarro,España,Sevilla
CL00404,cliente00404@bancofaro.es,Jorge Ruiz,España,Bilbao
CL00405,cliente00405@bancofaro.es,Hugo Romero,España,Málaga
CL00406,cliente00406@bancofaro.es,Elena Navarro,Portugal,Valencia
CL00407,cliente00407@bancofaro.es,Jorge Sánchez,España,Alicante
CL00408,cliente00408@bancofaro.es,Elena García,España,Bilbao
CL00409,cliente00409@bancofaro.es,Pablo Ruiz,España,Valencia
CL00410,cliente00410@bancofaro.es,Mario Ruiz,España,Zaragoza
CL00411,cliente00411@bancofaro.es,Pablo López,España,Sevilla
CL00412,cliente00412@bancofaro.es,Marta Romero,Francia,Valencia
CL00413,cliente00413@bancofaro.es,Pablo Pérez,España,Bilbao
CL00414,cliente00414@bancofaro.es,Mario García,España,Sevilla
CL00415,cliente00415@bancofaro.es,Sofía Ruiz,España,Zaragoza
CL00416,cliente00416@bancofaro.es,Jorge Navarro,España,Madrid
CL00417,cliente00417@bancofaro.es,Laura Navarro,España,Barcelona
CL00418,cliente00418@bancofaro.es,Pablo Hernández,España,Málaga
CL00419,cliente00419@bancofaro.es,Mario López,Portugal,Valencia
CL00420,cliente00420@bancofaro.es,Carla Romero,España,Valencia
CL00421,cliente00421@bancofaro.es,Elena Pérez,España,Valencia
CL00422,cliente00422@bancofaro.es,Carla Romero,España,Barcelona
CL00423,cliente00423@bancofaro.es,Pablo Martín,España,Bilbao
CL00424,cliente00424@bancofaro.es,David Hernández,España,Alicante
CL00425,cliente00425@bancofaro.es,Irene Díaz,España,Barcelona
CL00426,cliente00426@bancofaro.es,Jorge Martín,España,Barcelona
CL00427,cliente00427@bancofaro.es,Laura Navarro,España,Alicante
CL00428,cliente00428@bancofaro.es,Pablo Díaz,España,Madrid
CL00429,cliente00429@bancofaro.es,Mario Ruiz,España,Málaga
CL00430,cliente00430@bancofaro.es,Ana Navarro,España,Bilbao
CL00431,cliente00431@bancofaro.es,Pablo García,España,Valencia
CL00432,cliente00432@bancofaro.es,Laura Pérez,España,Zaragoza
CL00433,cliente00433@bancofaro.es,Sofía López,España,Zaragoza
CL00434,cliente00434@bancofaro.es,David Sánchez,Francia,Zaragoza
CL00435,cliente00435@bancofaro.es,Nuria Sánchez,España,Barcelona
CL00436,cliente00436@bancofaro.es,David Navarro,España,Alicante
CL00437,cliente00437@bancofaro.es,Irene López,Francia,Valencia
CL00438,cliente00438@bancofaro.es,David Martín,España,Bilbao
CL00439,cliente00439@bancofaro.es,Pablo Pérez,España,Zaragoza
CL00440,cliente00440@bancofaro.es,Jorge Díaz,España,Bilbao
CL00441,cliente00441@bancofaro.es,Elena Martín,España,Málaga
CL00442,cliente00442@bancofaro.es,Lucía Sánchez,Italia,Barcelona
CL00443,cliente00443@bancofaro.es,Hugo Pérez,Francia,Sevilla
CL00444,cliente00444@bancofaro.es,Sofía García,España,Barcelona
CL00445,cliente00445@bancofaro.es,Laura Díaz,Alemania,Málaga
CL00446,cliente00446@bancofaro.es,David Romero,España,Sevilla
CL00447,cliente00447@bancofaro.es,Laura Díaz,Reino Unido,Alicante
CL00448,cliente00448@bancofaro.es,Sofía López,España,Zaragoza
CL00449,cliente00449@bancofaro.es,David García,España,Madrid
CL00450,cliente00450@bancofaro.es,Ana Romero,España,Madrid
CL00451,cliente00451@bancofaro.es,Carla Hernández,Italia,Barcelona
CL00452,cliente00452@bancofaro.es,Hugo Navarro,Francia,Valencia
CL00453,cliente00453@bancofaro.es,Bruno López,España,Sevilla
CL00454,cliente00454@bancofaro.es,Jorge López,España,Madrid
CL00455,cliente00455@bancofaro.es,Bruno Martín,España,Bilbao
CL00456,cliente00456@bancofaro.es,Jorge Pérez,España,Alicante
CL00457,cliente00457@bancofaro.es,Hugo López,España,Málaga
CL00458,cliente00458@bancofaro.es,Nuria Martín,España,Málaga
CL00459,cliente00459@bancofaro.es,Sofía Pérez,España,Málaga
CL00460,cliente00460@bancofaro.es,David Díaz,Portugal,Zaragoza
CL00461,cliente00461@bancofaro.es,Jorge Martín,España,Alicante
CL00462,cliente00462@bancofaro.es,Nuria Díaz,España,Bilbao
CL00463,cliente00463@bancofaro.es,David Ruiz,Italia,Málaga
CL00464,cliente00464@bancofaro.es,Marta Díaz,España,Alicante
CL00465,cliente00465@bancofaro.es,Jorge Ruiz,Francia,Zaragoza
CL00466,cliente00466@bancofaro.es,Nuria Díaz,España,Alicante
CL00467,cliente00467@bancofaro.es,Laura Navarro,España,Alicante
CL00468,cliente00468@bancofaro.es,Lucía Navarro,España,Barcelona
CL00469,cliente00469@bancofaro.es,Ana Hernández,España,Alicante
CL00470,cliente00470@bancofaro.es,David López,Portugal,Bilbao
CL00471,cliente00471@bancofaro.es,Hugo López,España,Barcelona
CL00472,cliente00472@bancofaro.es,Carla Díaz,España,Madrid
CL00473,cliente00473@bancofaro.es,Elena García,Francia,Alicante
CL00474,cliente00474@bancofaro.es,Laura García,España,Sevilla
CL00475,cliente00475@bancofaro.es,Sergio Romero,Reino Unido,Sevilla
CL00476,cliente00476@bancofaro.es,Sergio Martín,Portugal,Barcelona
CL00477,cliente00477@bancofaro.es,Lucía Navarro,España,Valencia
CL00478,cliente00478@bancofaro.es,Nuria Díaz,España,Sevilla
CL00479,cliente00479@bancofaro.es,Pablo Ruiz,España,Alicante
CL00480,cliente00480@bancofaro.es,Sofía Hernández,España,Barcelona
CL00481,cliente00481@bancofaro.es,Pablo Pérez,España,Madrid
CL00482,cliente00482@bancofaro.es,Nuria Navarro,España,Madrid
CL00483,cliente00483@bancofaro.es,David Martín,España,Barcelona
CL00484,cliente00484@bancofaro.es,Ana Díaz,España,Málaga
CL00485,cliente00485@bancofaro.es,Marta Díaz,España,Málaga
CL00486,cliente00486@bancofaro.es,David Martín,España,Zaragoza
CL00487,cliente00487@bancofaro.es,Lucía Sánchez,España,Sevilla
CL00488,cliente00488@bancofaro.es,Pablo Pérez,España,Bilbao
CL00489,cliente00489@bancofaro.es,Irene Hernández,España,Madrid
CL00490,cliente00490@bancofaro.es,Ana Sánchez,España,Alicante
CL00491,cliente00491@bancofaro.es,Lucía Navarro,España,Valencia
CL00492,cliente00492@bancofaro.es,Marta García,Portugal,Valencia
CL00493,cliente00493@bancofaro.es,Laura Sánchez,España,Zaragoza
CL00494,cliente00494@bancofaro.es,Sofía García,España,Zaragoza
CL00495,cliente00495@bancofaro.es,Irene Sánchez,España,Málaga
CL00496,cliente00496@bancofaro.es,Sofía Martín,España,Madrid
CL00497,cliente00497@bancofaro.es,Lucía Hernández,España,Bilbao
CL00498,cliente00498@bancofaro.es,Pablo Pérez,España,Alicante
CL00499,cliente00499@bancofaro.es,Mario Martín,España,Valencia
CL00500,cliente00500@bancofaro.es,Sergio Sánchez,Francia,Bilbao
CL00501,cliente00501@bancofaro.es,Mario Romero,España,Bilbao
CL00502,cliente00502@bancofaro.es,Sofía Sánchez,España,Alicante
CL00503,cliente00503@bancofaro.es,David Díaz,Italia,Zaragoza
CL00504,cliente00504@bancofaro.es,Nuria Sánchez,España,Bilbao
CL00505,cliente00505@bancofaro.es,Hugo Romero,España,Málaga
CL00506,cliente00506@bancofaro.es,Mario Sánchez,España,Zaragoza
CL00507,cliente00507@bancofaro.es,Ana Martín,España,Bilbao
CL00508,cliente00508@bancofaro.es,Carla López,España,Barcelona
CL00509,cliente00509@bancofaro.es,Nuria Pérez,España,Alicante
CL00510,cliente00510@bancofaro.es,Bruno Sánchez,Portugal,Barcelona
CL00511,cliente00511@bancofaro.es,Lucía Ruiz,España,Madrid
CL00512,cliente00512@bancofaro.es,Ana Díaz,España,Zaragoza
CL00513,cliente00513@bancofaro.es,Sofía López,España,Valencia
CL00514,cliente00514@bancofaro.es,Sofía Pérez,España,Málaga
CL00515,cliente00515@bancofaro.es,Carla Sánchez,España,Sevilla
CL00516,cliente00516@bancofaro.es,Lucía García,España,Alicante
CL00517,cliente00517@bancofaro.es,Ana Ruiz,España,Sevilla
CL00518,cliente00518@bancofaro.es,Irene Martín,España,Málaga
CL00519,cliente00519@bancofaro.es,Mario Sánchez,España,Málaga
CL00520,cliente00520@bancofaro.es,Carla García,España,Valencia
CL00521,cliente00521@bancofaro.es,Carla García,España,Zaragoza
CL00522,cliente00522@bancofaro.es,Bruno Hernández,España,Bilbao
CL00523,cliente00523@bancofaro.es,Bruno García,España,Sevilla
CL00524,cliente00524@bancofaro.es,Sergio Navarro,Alemania,Valencia
CL00525,cliente00525@bancofaro.es,Mario Hernández,España,Zaragoza
CL00526,cliente00526@bancofaro.es,Lucía Martín,España,Alicante
CL00527,cliente00527@bancofaro.es,Laura Sánchez,Francia,Alicante
CL00528,cliente00528@bancofaro.es,Mario Pérez,España,Madrid
CL00529,cliente00529@bancofaro.es,Sofía Navarro,Portugal,Barcelona
CL00530,cliente00530@bancofaro.es,Jorge Ruiz,España,Málaga
CL00531,cliente00531@bancofaro.es,Elena Hernández,España,Bilbao
CL00532,cliente00532@bancofaro.es,Lucía Navarro,España,Alicante
CL00533,cliente00533@bancofaro.es,Elena Díaz,España,Sevilla
CL00534,cliente00534@bancofaro.es,Pablo Martín,España,Valencia
CL00535,cliente00535@bancofaro.es,Ana Romero,España,Málaga
CL00536,cliente00536@bancofaro.es,Irene Martín,España,Málaga
CL00537,cliente00537@bancofaro.es,Hugo Romero,Reino Unido,Sevilla
CL00538,cliente00538@bancofaro.es,Pablo Sánchez,España,Barcelona
CL00539,cliente00539@bancofaro.es,Bruno Navarro,España,Sevilla
CL00540,cliente00540@bancofaro.es,Ana Romero,España,Barcelona
CL00541,cliente00541@bancofaro.es,Elena Hernández,España,Valencia
CL00542,cliente00542@bancofaro.es,Sofía Navarro,España,Bilbao
CL00543,cliente00543@bancofaro.es,Pablo Pérez,España,Alicante
CL00544,cliente00544@bancofaro.es,Elena Navarro,España,Sevilla
CL00545,cliente00545@bancofaro.es,Carla Ruiz,España,Alicante
CL00546,cliente00546@bancofaro.es,Marta López,España,Sevilla
CL00547,cliente00547@bancofaro.es,Mario Ruiz,España,Alicante
CL00548,cliente00548@bancofaro.es,Hugo Romero,España,Valencia
CL00549,cliente00549@bancofaro.es,Bruno Martín,España,Zaragoza
CL00550,cliente00550@bancofaro.es,Lucía Ruiz,España,Barcelona
CL00551,cliente00551@bancofaro.es,Lucía Pérez,España,Málaga
CL00552,cliente00552@bancofaro.es,Sergio Ruiz,Italia,Alicante
CL00553,cliente00553@bancofaro.es,Carla García,Alemania,Valencia
CL00554,cliente00554@bancofaro.es,Nuria Sánchez,España,Málaga
CL00555,cliente00555@bancofaro.es,Pablo Martín,España,Barcelona
CL00556,cliente00556@bancofaro.es,Sofía Ruiz,España,Madrid
CL00557,cliente00557@bancofaro.es,Bruno Romero,Francia,Barcelona
CL00558,cliente00558@bancofaro.es,Carla García,España,Valencia
CL00559,cliente00559@bancofaro.es,Irene Pérez,España,Madrid
CL00560,cliente00560@bancofaro.es,Ana Martín,España,Madrid
CL00561,cliente00561@bancofaro.es,Nuria Sánchez,Francia,Málaga
CL00562,cliente00562@bancofaro.es,Hugo Romero,Francia,Bilbao
CL00563,cliente00563@bancofaro.es,Pablo Navarro,España,Sevilla
CL00564,cliente00564@bancofaro.es,Hugo Díaz,España,Barcelona
CL00565,cliente00565@bancofaro.es,Carla Navarro,España,Bilbao
CL00566,cliente00566@bancofaro.es,Jorge Díaz,España,Zaragoza
CL00567,cliente00567@bancofaro.es,Nuria Martín,Italia,Valencia
CL00568,cliente00568@bancofaro.es,Irene Díaz,España,Bilbao
CL00569,cliente00569@bancofaro.es,Bruno Ruiz,Alemania,Alicante
CL00570,cliente00570@bancofaro.es,Elena Ruiz,España,Sevilla
CL00571,cliente00571@bancofaro.es,Sofía Pérez,España,Madrid
CL00572,cliente00572@bancofaro.es,Sergio Navarro,España,Bilbao
CL00573,cliente00573@bancofaro.es,Marta Pérez,Alemania,Bilbao
CL00574,cliente00574@bancofaro.es,Bruno Sánchez,España,Madrid
CL00575,cliente00575@bancofaro.es,Hugo Pérez,España,Sevilla
CL00576,cliente00576@bancofaro.es,Carla Martín,España,Madrid
CL00577,cliente00577@bancofaro.es,Sofía Díaz,España,Sevilla
CL00578,cliente00578@bancofaro.es,Carla García,España,Málaga
CL00579,cliente00579@bancofaro.es,Sofía Martín,Reino Unido,Zaragoza
CL00580,cliente00580@bancofaro.es,Mario López,España,Sevilla
CL00581,cliente00581@bancofaro.es,Marta Ruiz,España,Bilbao
CL00582,cliente00582@bancofaro.es,Laura Romero,España,Alicante
CL00583,cliente00583@bancofaro.es,Sergio Pérez,Francia,Barcelona
CL00584,cliente00584@bancofaro.es,Sofía Hernández,España,Alicante
CL00585,cliente00585@bancofaro.es,Bruno Martín,España,Málaga
CL00586,cliente00586@bancofaro.es,Ana López,España,Bilbao
CL00587,cliente00587@bancofaro.es,Hugo Hernández,España,Barcelona
CL00588,cliente00588@bancofaro.es,Pablo Díaz,España,Valencia
CL00589,cliente00589@bancofaro.es,Lucía Martín,Italia,Zaragoza
CL00590,cliente00590@bancofaro.es,Carla Romero,Alemania,Sevilla
CL00591,cliente00591@bancofaro.es,Nuria Navarro,España,Madrid
CL00592,cliente00592@bancofaro.es,Sofía Pérez,España,Valencia
CL00593,cliente00593@bancofaro.es,Sergio Ruiz,España,Madrid
CL00594,cliente00594@bancofaro.es,Pablo García,España,Alicante
CL00595,cliente00595@bancofaro.es,Mario Navarro,España,Bilbao
CL00596,cliente00596@bancofaro.es,Mario Navarro,España,Barcelona
CL00597,cliente00597@bancofaro.es,Hugo Díaz,España,Alicante
CL00598,cliente00598@bancofaro.es,Nuria Díaz,España,Alicante
CL00599,cliente00599@bancofaro.es,Laura Hernández,Italia,Valencia
CL00600,cliente00600@bancofaro.es,David Díaz,España,Madrid
CL00601,cliente00601@bancofaro.es,Carla Romero,España,Bilbao
CL00602,cliente00602@bancofaro.es,Ana López,Italia,Alicante
CL00603,cliente00603@bancofaro.es,Bruno Díaz,España,Alicante
CL00604,cliente00604@bancofaro.es,Lucía Díaz,España,Madrid
CL00605,cliente00605@bancofaro.es,Marta Sánchez,España,Barcelona
CL00606,cliente00606@bancofaro.es,Mario Navarro,España,Málaga
CL00607,cliente00607@bancofaro.es,Elena Romero,Francia,Málaga
CL00608,cliente00608@bancofaro.es,Carla Navarro,España,Sevilla
CL00609,cliente00609@bancofaro.es,Jorge Ruiz,Italia,Málaga
CL00610,cliente00610@bancofaro.es,Pablo Martín,España,Madrid
CL00611,cliente00611@bancofaro.es,Carla Pérez,España,Sevilla
CL00612,cliente00612@bancofaro.es,Carla Díaz,Portugal,Barcelona
CL00613,cliente00613@bancofaro.es,Carla López,España,Barcelona
CL00614,cliente00614@bancofaro.es,Marta Ruiz,España,Valencia
CL00615,cliente00615@bancofaro.es,Pablo Pérez,España,Málaga
CL00616,cliente00616@bancofaro.es,Lucía Martín,España,Alicante
CL00617,cliente00617@bancofaro.es,Lucía Romero,España,Valencia
CL00618,cliente00618@bancofaro.es,Pablo Sánchez,Alemania,Alicante
CL00619,cliente00619@bancofaro.es,Carla Navarro,España,Madrid
CL00620,cliente00620@bancofaro.es,Elena Romero,España,Barcelona
CL00621,cliente00621@bancofaro.es,Carla Martín,España,Madrid
CL00622,cliente00622@bancofaro.es,Nuria Sánchez,España,Barcelona
CL00623,cliente00623@bancofaro.es,Lucía Martín,España,Madrid
CL00624,cliente00624@bancofaro.es,Ana Romero,España,Zaragoza
CL00625,cliente00625@bancofaro.es,Sofía Sánchez,España,Sevilla
CL00626,cliente00626@bancofaro.es,Laura Hernández,España,Alicante
CL00627,cliente00627@bancofaro.es,Sofía Hernández,España,Valencia
CL00628,cliente00628@bancofaro.es,Carla Sánchez,España,Sevilla
CL00629,cliente00629@bancofaro.es,Ana Pérez,España,Barcelona
CL00630,cliente00630@bancofaro.es,Mario Romero,España,Zaragoza
CL00631,cliente00631@bancofaro.es,Nuria García,España,Sevilla
CL00632,cliente00632@bancofaro.es,Jorge López,España,Madrid
CL00633,cliente00633@bancofaro.es,Jorge Hernández,España,Alicante
CL00634,cliente00634@bancofaro.es,Hugo Sánchez,Portugal,Málaga
CL00635,cliente00635@bancofaro.es,Bruno Sánchez,Alemania,Zaragoza
CL00636,cliente00636@bancofaro.es,Sergio Hernández,España,Barcelona
CL00637,cliente00637@bancofaro.es,Laura Sánchez,España,Alicante
CL00638,cliente00638@bancofaro.es,Irene Navarro,Francia,Bilbao
CL00639,cliente00639@bancofaro.es,Ana García,España,Sevilla
CL00640,cliente00640@bancofaro.es,Carla Navarro,Alemania,Barcelona
CL00641,cliente00641@bancofaro.es,Laura Díaz,España,Zaragoza
CL00642,cliente00642@bancofaro.es,Mario Díaz,España,Sevilla
CL00643,cliente00643@bancofaro.es,Mario López,Portugal,Valencia
CL00644,cliente00644@bancofaro.es,Lucía García,Francia,Zaragoza
CL00645,cliente00645@bancofaro.es,Marta Pérez,España,Málaga
CL00646,cliente00646@bancofaro.es,Pablo Hernández,España,Bilbao
CL00647,cliente00647@bancofaro.es,Laura Martín,Alemania,Zaragoza
CL00648,cliente00648@bancofaro.es,Nuria García,España,Bilbao
CL00649,cliente00649@bancofaro.es,Jorge Pérez,España,Barcelona
CL00650,cliente00650@bancofaro.es,Sofía Ruiz,España,Málaga
CL00651,cliente00651@bancofaro.es,Mario Romero,Francia,Madrid
CL00652,cliente00652@bancofaro.es,Lucía López,España,Bilbao
CL00653,cliente00653@bancofaro.es,Nuria López,España,Alicante
CL00654,cliente00654@bancofaro.es,Jorge Romero,España,Sevilla
CL00655,cliente00655@bancofaro.es,Lucía Sánchez,España,Valencia
CL00656,cliente00656@bancofaro.es,Sergio Pérez,Portugal,Madrid
CL00657,cliente00657@bancofaro.es,Bruno Sánchez,España,Barcelona
CL00658,cliente00658@bancofaro.es,Lucía Díaz,España,Málaga
CL00659,cliente00659@bancofaro.es,Ana García,España,Zaragoza
CL00660,cliente00660@bancofaro.es,Laura Romero,Francia,Madrid
CL00661,cliente00661@bancofaro.es,Mario Pérez,España,Barcelona
CL00662,cliente00662@bancofaro.es,Carla Romero,España,Valencia
CL00663,cliente00663@bancofaro.es,Sofía Sánchez,España,Alicante
CL00664,cliente00664@bancofaro.es,Pablo Díaz,España,Valencia
CL00665,cliente00665@bancofaro.es,Marta Díaz,España,Sevilla
CL00666,cliente00666@bancofaro.es,Bruno Díaz,España,Sevilla
CL00667,cliente00667@bancofaro.es,Jorge Navarro,España,Sevilla
CL00668,cliente00668@bancofaro.es,Sofía Pérez,Francia,Barcelona
CL00669,cliente00669@bancofaro.es,Jorge Díaz,España,Bilbao
CL00670,cliente00670@bancofaro.es,Mario López,España,Bilbao
CL00671,cliente00671@bancofaro.es,Carla Díaz,España,Barcelona
CL00672,cliente00672@bancofaro.es,David Pérez,España,Zaragoza
CL00673,cliente00673@bancofaro.es,Jorge García,España,Alicante
CL00674,cliente00674@bancofaro.es,Elena López,España,Madrid
CL00675,cliente00675@bancofaro.es,Laura Navarro,España,Bilbao
CL00676,cliente00676@bancofaro.es,Jorge Pérez,Alemania,Valencia
CL00677,cliente00677@bancofaro.es,David Pérez,Italia,Zaragoza
CL00678,cliente00678@bancofaro.es,Jorge Ruiz,España,Málaga
CL00679,cliente00679@bancofaro.es,Sergio López,España,Zaragoza
CL00680,cliente00680@bancofaro.es,Bruno Martín,España,Zaragoza
CL00681,cliente00681@bancofaro.es,Nuria Martín,Francia,Barcelona
CL00682,cliente00682@bancofaro.es,Mario Navarro,España,Málaga
CL00683,cliente00683@bancofaro.es,David Martín,España,Alicante
CL00684,cliente00684@bancofaro.es,Elena García,España,Valencia
CL00685,cliente00685@bancofaro.es,Pablo Martín,España,Valencia
CL00686,cliente00686@bancofaro.es,Elena Pérez,España,Málaga
CL00687,cliente00687@bancofaro.es,Carla Navarro,España,Valencia
CL00688,cliente00688@bancofaro.es,Sergio García,Italia,Barcelona
CL00689,cliente00689@bancofaro.es,Elena Ruiz,España,Zaragoza
CL00690,cliente00690@bancofaro.es,Sofía López,España,Barcelona
CL00691,cliente00691@bancofaro.es,Ana Romero,Italia,Barcelona
CL00692,cliente00692@bancofaro.es,Carla Romero,Italia,Zaragoza
CL00693,cliente00693@bancofaro.es,Bruno Hernández,España,Málaga
CL00694,cliente00694@bancofaro.es,Ana Díaz,España,Sevilla
CL00695,cliente00695@bancofaro.es,Marta Hernández,Reino Unido,Bilbao
CL00696,cliente00696@bancofaro.es,Bruno García,España,Barcelona
CL00697,cliente00697@bancofaro.es,Bruno Romero,España,Sevilla
CL00698,cliente00698@bancofaro.es,Bruno Sánchez,Alemania,Barcelona
CL00699,cliente00699@bancofaro.es,Sergio García,España,Zaragoza
CL00700,cliente00700@bancofaro.es,Mario Sánchez,España,Zaragoza
CL00701,cliente00701@bancofaro.es,Lucía Sánchez,España,Zaragoza
CL00702,cliente00702@bancofaro.es,Mario López,España,Bilbao
CL00703,cliente00703@bancofaro.es,Irene López,España,Bilbao
CL00704,cliente00704@bancofaro.es,Irene Navarro,España,Madrid
CL00705,cliente00705@bancofaro.es,Jorge Navarro,España,Alicante
CL00706,cliente00706@bancofaro.es,Bruno Martín,Alemania,Valencia
CL00707,cliente00707@bancofaro.es,Carla Pérez,España,Barcelona
CL00708,cliente00708@bancofaro.es,Sofía Ruiz,España,Barcelona
CL00709,cliente00709@bancofaro.es,Lucía Romero,España,Bilbao
CL00710,cliente00710@bancofaro.es,Marta Díaz,España,Valencia
CL00711,cliente00711@bancofaro.es,Ana Pérez,España,Madrid
CL00712,cliente00712@bancofaro.es,Lucía Martín,España,Málaga
CL00713,cliente00713@bancofaro.es,Pablo Hernández,España,Valencia
CL00714,cliente00714@bancofaro.es,Ana Sánchez,España,Málaga
CL00715,cliente00715@bancofaro.es,Marta Hernández,Alemania,Sevilla
CL00716,cliente00716@bancofaro.es,Marta Martín,España,Barcelona
CL00717,cliente00717@bancofaro.es,Laura Martín,España,Sevilla
CL00718,cliente00718@bancofaro.es,Ana Sánchez,Francia,Málaga
CL00719,cliente00719@bancofaro.es,Bruno Ruiz,España,Málaga
CL00720,cliente00720@bancofaro.es,Sergio Ruiz,España,Sevilla
CL00721,cliente00721@bancofaro.es,Sofía López,España,Valencia
CL00722,cliente00722@bancofaro.es,Nuria Romero,Portugal,Alicante
CL00723,cliente00723@bancofaro.es,Laura Díaz,España,Sevilla
CL00724,cliente00724@bancofaro.es,Ana Romero,Alemania,Valencia
CL00725,cliente00725@bancofaro.es,Sofía López,España,Sevilla
CL00726,cliente00726@bancofaro.es,Jorge Ruiz,España,Zaragoza
CL00727,cliente00727@bancofaro.es,Nuria García,España,Málaga
CL00728,cliente00728@bancofaro.es,Bruno Díaz,España,Madrid
CL00729,cliente00729@bancofaro.es,Marta López,Francia,Madrid
CL00730,cliente00730@bancofaro.es,Hugo Navarro,España,Sevilla
CL00731,cliente00731@bancofaro.es,Nuria Navarro,Portugal,Málaga
CL00732,cliente00732@bancofaro.es,Sergio López,España,Barcelona
CL00733,cliente00733@bancofaro.es,Elena Hernández,España,Valencia
CL00734,cliente00734@bancofaro.es,Marta Navarro,Italia,Barcelona
CL00735,cliente00735@bancofaro.es,Mario Pérez,Francia,Madrid
CL00736,cliente00736@bancofaro.es,David Pérez,Portugal,Barcelona
CL00737,cliente00737@bancofaro.es,Elena López,Reino Unido,Alicante
CL00738,cliente00738@bancofaro.es,Elena Romero,España,Sevilla
CL00739,cliente00739@bancofaro.es,Nuria Romero,España,Sevilla
CL00740,cliente00740@bancofaro.es,Lucía Martín,España,Sevilla
CL00741,cliente00741@bancofaro.es,David Hernández,España,Madrid
CL00742,cliente00742@bancofaro.es,Jorge Díaz,España,Sevilla
CL00743,cliente00743@bancofaro.es,Sergio Díaz,España,Alicante
CL00744,cliente00744@bancofaro.es,Sofía Ruiz,España,Barcelona
CL00745,cliente00745@bancofaro.es,David Navarro,España,Málaga
CL00746,cliente00746@bancofaro.es,Hugo Díaz,España,Sevilla
CL00747,cliente00747@bancofaro.es,Laura Díaz,España,Alicante
CL00748,cliente00748@bancofaro.es,Sergio Romero,España,Madrid
CL00749,cliente00749@bancofaro.es,Mario Sánchez,España,Alicante
CL00750,cliente00750@bancofaro.es,Lucía Romero,España,Málaga
CL00751,cliente00751@bancofaro.es,David Navarro,España,Zaragoza
CL00752,cliente00752@bancofaro.es,Irene Díaz,España,Málaga
CL00753,cliente00753@bancofaro.es,Mario Romero,España,Bilbao
CL00754,cliente00754@bancofaro.es,Mario Romero,Italia,Zaragoza
CL00755,cliente00755@bancofaro.es,Lucía Díaz,España,Valencia
CL00756,cliente00756@bancofaro.es,Bruno Romero,España,Málaga
CL00757,cliente00757@bancofaro.es,Jorge Pérez,Reino Unido,Barcelona
CL00758,cliente00758@bancofaro.es,Nuria Hernández,España,Valencia
CL00759,cliente00759@bancofaro.es,Marta Pérez,España,Zaragoza
CL00760,cliente00760@bancofaro.es,Nuria Hernández,España,Alicante
CL00761,cliente00761@bancofaro.es,Elena Ruiz,España,Madrid
CL00762,cliente00762@bancofaro.es,Hugo Díaz,España,Zaragoza
CL00763,cliente00763@bancofaro.es,Carla Romero,España,Madrid
CL00764,cliente00764@bancofaro.es,Laura Pérez,España,Bilbao
CL00765,cliente00765@bancofaro.es,Sergio García,España,Alicante
CL00766,cliente00766@bancofaro.es,Lucía Pérez,España,Barcelona
CL00767,cliente00767@bancofaro.es,Ana Martín,España,Barcelona
CL00768,cliente00768@bancofaro.es,Bruno Díaz,España,Alicante
CL00769,cliente00769@bancofaro.es,Hugo Navarro,España,Bilbao
CL00770,cliente00770@bancofaro.es,Elena Ruiz,España,Sevilla
CL00771,cliente00771@bancofaro.es,Nuria Ruiz,España,Sevilla
CL00772,cliente00772@bancofaro.es,Marta Pérez,España,Bilbao
CL00773,cliente00773@bancofaro.es,Irene López,España,Málaga
CL00774,cliente00774@bancofaro.es,Nuria Pérez,España,Zaragoza
CL00775,cliente00775@bancofaro.es,Marta Díaz,España,Valencia
CL00776,cliente00776@bancofaro.es,Hugo Sánchez,España,Alicante
CL00777,cliente00777@bancofaro.es,Lucía Díaz,España,Madrid
CL00778,cliente00778@bancofaro.es,Pablo García,España,Alicante
CL00779,cliente00779@bancofaro.es,Nuria Sánchez,España,Zaragoza
CL00780,cliente00780@bancofaro.es,Hugo Martín,España,Bilbao
CL00781,cliente00781@bancofaro.es,Hugo Martín,Italia,Madrid
CL00782,cliente00782@bancofaro.es,Sofía Díaz,España,Zaragoza
CL00783,cliente00783@bancofaro.es,Hugo Pérez,España,Bilbao
CL00784,cliente00784@bancofaro.es,Sergio Pérez,España,Madrid
CL00785,cliente00785@bancofaro.es,Bruno Ruiz,España,Zaragoza
CL00786,cliente00786@bancofaro.es,Marta Pérez,Francia,Sevilla
CL00787,cliente00787@bancofaro.es,Lucía Pérez,España,Sevilla
CL00788,cliente00788@bancofaro.es,Sofía Romero,España,Sevilla
CL00789,cliente00789@bancofaro.es,Elena García,España,Valencia
CL00790,cliente00790@bancofaro.es,Hugo López,España,Zaragoza
CL00791,cliente00791@bancofaro.es,Mario Díaz,Portugal,Bilbao
CL00792,cliente00792@bancofaro.es,Bruno Hernández,España,Sevilla
CL00793,cliente00793@bancofaro.es,Nuria Sánchez,España,Zaragoza
CL00794,cliente00794@bancofaro.es,Hugo López,Francia,Málaga
CL00795,cliente00795@bancofaro.es,Bruno Ruiz,Italia,Barcelona
CL00796,cliente00796@bancofaro.es,Laura Pérez,España,Valencia
CL00797,cliente00797@bancofaro.es,Irene García,Reino Unido,Barcelona
CL00798,cliente00798@bancofaro.es,Bruno Ruiz,Portugal,Valencia
CL00799,cliente00799@bancofaro.es,Irene Hernández,España,Zaragoza
CL00800,cliente00800@bancofaro.es,Elena Navarro,España,Bilbao
CL00801,cliente00801@bancofaro.es,Bruno López,Reino Unido,Zaragoza
CL00802,cliente00802@bancofaro.es,Laura Romero,España,Valencia
CL00803,cliente00803@bancofaro.es,Carla García,España,Sevilla
CL00804,cliente00804@bancofaro.es,Elena Romero,Francia,Valencia
CL00805,cliente00805@bancofaro.es,Mario Pérez,España,Málaga
CL00806,cliente00806@bancofaro.es,Sofía Díaz,España,Valencia
CL00807,cliente00807@bancofaro.es,Hugo García,España,Sevilla
CL00808,cliente00808@bancofaro.es,Lucía Navarro,España,Alicante
CL00809,cliente00809@bancofaro.es,Elena López,España,Zaragoza
CL00810,cliente00810@bancofaro.es,Bruno López,España,Málaga
CL00811,cliente00811@bancofaro.es,Ana Pérez,España,Sevilla
CL00812,cliente00812@bancofaro.es,Laura Navarro,España,Barcelona
CL00813,cliente00813@bancofaro.es,Jorge López,España,Madrid
CL00814,cliente00814@bancofaro.es,Lucía Navarro,España,Alicante
CL00815,cliente00815@bancofaro.es,David Navarro,España,Bilbao
CL00816,cliente00816@bancofaro.es,David Ruiz,España,Alicante
CL00817,cliente00817@bancofaro.es,Pablo López,España,Sevilla
CL00818,cliente00818@bancofaro.es,Hugo Martín,España,Barcelona
CL00819,cliente00819@bancofaro.es,Ana Romero,Reino Unido,Barcelona
CL00820,cliente00820@bancofaro.es,Laura Sánchez,España,Málaga
CL00821,cliente00821@bancofaro.es,Marta Díaz,Italia,Zaragoza
CL00822,cliente00822@bancofaro.es,Laura Pérez,Italia,Málaga
CL00823,cliente00823@bancofaro.es,Laura Navarro,Reino Unido,Alicante
CL00824,cliente00824@bancofaro.es,Irene Hernández,Francia,Bilbao
CL00825,cliente00825@bancofaro.es,Mario López,España,Bilbao
CL00826,cliente00826@bancofaro.es,Carla Pérez,España,Zaragoza
CL00827,cliente00827@bancofaro.es,Pablo García,España,Sevilla
CL00828,cliente00828@bancofaro.es,Irene Navarro,España,Zaragoza
CL00829,cliente00829@bancofaro.es,Sergio Romero,España,Barcelona
CL00830,cliente00830@bancofaro.es,Nuria Navarro,Alemania,Bilbao
CL00831,cliente00831@bancofaro.es,Marta Hernández,España,Barcelona
CL00832,cliente00832@bancofaro.es,Carla Hernández,España,Málaga
CL00833,cliente00833@bancofaro.es,Elena Sánchez,España,Barcelona
CL00834,cliente00834@bancofaro.es,Laura Romero,España,Málaga
CL00835,cliente00835@bancofaro.es,Lucía Romero,Italia,Zaragoza
CL00836,cliente00836@bancofaro.es,Ana Pérez,España,Sevilla
CL00837,cliente00837@bancofaro.es,Jorge García,España,Málaga
CL00838,cliente00838@bancofaro.es,Jorge Romero,España,Barcelona
CL00839,cliente00839@bancofaro.es,Laura López,España,Málaga
CL00840,cliente00840@bancofaro.es,Lucía Sánchez,España,Bilbao
CL00841,cliente00841@bancofaro.es,Marta García,España,Alicante
CL00842,cliente00842@bancofaro.es,Hugo Díaz,España,Valencia
CL00843,cliente00843@bancofaro.es,Mario Martín,España,Sevilla
CL00844,cliente00844@bancofaro.es,Hugo Navarro,España,Sevilla
CL00845,cliente00845@bancofaro.es,Mario López,España,Barcelona
CL00846,cliente00846@bancofaro.es,Nuria López,España,Bilbao
CL00847,cliente00847@bancofaro.es,Marta Sánchez,España,Sevilla
CL00848,cliente00848@bancofaro.es,Irene Navarro,España,Valencia
CL00849,cliente00849@bancofaro.es,Nuria Ruiz,España,Barcelona
CL00850,cliente00850@bancofaro.es,Irene Navarro,España,Alicante
CL00851,cliente00851@bancofaro.es,Ana Ruiz,España,Alicante
CL00852,cliente00852@bancofaro.es,Mario Hernández,España,Barcelona
CL00853,cliente00853@bancofaro.es,Hugo Hernández,España,Zaragoza
CL00854,cliente00854@bancofaro.es,Lucía Sánchez,España,Málaga
CL00855,cliente00855@bancofaro.es,Laura Romero,España,Málaga
CL00856,cliente00856@bancofaro.es,Pablo Ruiz,España,Sevilla
CL00857,cliente00857@bancofaro.es,Hugo Díaz,Reino Unido,Zaragoza
CL00858,cliente00858@bancofaro.es,Sergio Martín,España,Sevilla
CL00859,cliente00859@bancofaro.es,David García,Alemania,Málaga
CL00860,cliente00860@bancofaro.es,Nuria Ruiz,España,Alicante
CL00861,cliente00861@bancofaro.es,Elena García,España,Zaragoza
CL00862,cliente00862@bancofaro.es,Sofía Sánchez,Italia,Barcelona
CL00863,cliente00863@bancofaro.es,Lucía Pérez,España,Málaga
CL00864,cliente00864@bancofaro.es,Ana Martín,España,Barcelona
CL00865,cliente00865@bancofaro.es,Laura Díaz,España,Alicante
CL00866,cliente00866@bancofaro.es,Lucía Romero,España,Bilbao
CL00867,cliente00867@bancofaro.es,Carla Hernández,España,Málaga
CL00868,cliente00868@bancofaro.es,Bruno Navarro,España,Barcelona
CL00869,cliente00869@bancofaro.es,Marta Díaz,España,Bilbao
CL00870,cliente00870@bancofaro.es,Sofía López,España,Sevilla
CL00871,cliente00871@bancofaro.es,Elena García,Reino Unido,Madrid
CL00872,cliente00872@bancofaro.es,Mario López,España,Barcelona
CL00873,cliente00873@bancofaro.es,Ana Sánchez,España,Madrid
CL00874,cliente00874@bancofaro.es,Carla López,Reino Unido,Madrid
CL00875,cliente00875@bancofaro.es,Carla Hernández,España,Sevilla
CL00876,cliente00876@bancofaro.es,Laura Romero,Portugal,Alicante
CL00877,cliente00877@bancofaro.es,Lucía Hernández,España,Valencia
CL00878,cliente00878@bancofaro.es,Irene Romero,Italia,Zaragoza
CL00879,cliente00879@bancofaro.es,Nuria Pérez,Reino Unido,Barcelona
CL00880,cliente00880@bancofaro.es,Sofía Díaz,España,Sevilla
CL00881,cliente00881@bancofaro.es,Mario Hernández,España,Alicante
CL00882,cliente00882@bancofaro.es,Carla Hernández,Francia,Málaga
CL00883,cliente00883@bancofaro.es,Pablo Romero,España,Barcelona
CL00884,cliente00884@bancofaro.es,Lucía Romero,España,Bilbao
CL00885,cliente00885@bancofaro.es,Bruno Díaz,España,Madrid
CL00886,cliente00886@bancofaro.es,Elena Ruiz,España,Málaga
CL00887,cliente00887@bancofaro.es,Lucía García,España,Alicante
CL00888,cliente00888@bancofaro.es,Sergio Navarro,España,Zaragoza
CL00889,cliente00889@bancofaro.es,Sofía López,Francia,Málaga
CL00890,cliente00890@bancofaro.es,Elena García,España,Sevilla
CL00891,cliente00891@bancofaro.es,Mario Romero,España,Zaragoza
CL00892,cliente00892@bancofaro.es,Bruno Romero,España,Sevilla
CL00893,cliente00893@bancofaro.es,Mario Romero,Francia,Málaga
CL00894,cliente00894@bancofaro.es,Jorge Romero,Francia,Barcelona
CL00895,cliente00895@bancofaro.es,Lucía Pérez,España,Sevilla
CL00896,cliente00896@bancofaro.es,David Pérez,Alemania,Málaga
CL00897,cliente00897@bancofaro.es,Carla Hernández,España,Málaga
CL00898,cliente00898@bancofaro.es,Laura Hernández,Francia,Sevilla
CL00899,cliente00899@bancofaro.es,Carla Sánchez,España,Sevilla
CL00900,cliente00900@bancofaro.es,Mario Sánchez,España,Málaga
CL00901,cliente00901@bancofaro.es,Sergio Navarro,España,Barcelona
CL00902,cliente00902@bancofaro.es,Laura Ruiz,España,Barcelona
CL00903,cliente00903@bancofaro.es,Hugo García,España,Valencia
CL00904,cliente00904@bancofaro.es,Nuria Martín,España,Valencia
CL00905,cliente00905@bancofaro.es,David Martín,España,Barcelona
CL00906,cliente00906@bancofaro.es,Mario Sánchez,España,Barcelona
CL00907,cliente00907@bancofaro.es,Hugo Martín,España,Bilbao
CL00908,cliente00908@bancofaro.es,Marta Díaz,España,Bilbao
CL00909,cliente00909@bancofaro.es,Mario García,España,Málaga
CL00910,cliente00910@bancofaro.es,Irene Pérez,España,Madrid
CL00911,cliente00911@bancofaro.es,Lucía Ruiz,España,Barcelona
CL00912,cliente00912@bancofaro.es,Sofía Díaz,Italia,Alicante
CL00913,cliente00913@bancofaro.es,Hugo Romero,España,Zaragoza
CL00914,cliente00914@bancofaro.es,Mario Martín,España,Bilbao
CL00915,cliente00915@bancofaro.es,Sergio Romero,España,Barcelona
CL00916,cliente00916@bancofaro.es,Hugo Díaz,España,Barcelona
CL00917,cliente00917@bancofaro.es,Carla Ruiz,España,Zaragoza
CL00918,cliente00918@bancofaro.es,Marta López,España,Valencia
CL00919,cliente00919@bancofaro.es,Carla Díaz,España,Sevilla
CL00920,cliente00920@bancofaro.es,Pablo Pérez,España,Barcelona
CL00921,cliente00921@bancofaro.es,David Hernández,España,Alicante
CL00922,cliente00922@bancofaro.es,David Navarro,España,Sevilla
CL00923,cliente00923@bancofaro.es,Irene Martín,España,Madrid
CL00924,cliente00924@bancofaro.es,Mario Pérez,España,Sevilla
CL00925,cliente00925@bancofaro.es,Elena Díaz,Italia,Barcelona
CL00926,cliente00926@bancofaro.es,Elena López,España,Zaragoza
CL00927,cliente00927@bancofaro.es,Hugo García,España,Málaga
CL00928,cliente00928@bancofaro.es,Lucía Martín,España,Alicante
CL00929,cliente00929@bancofaro.es,Pablo Ruiz,España,Valencia
CL00930,cliente00930@bancofaro.es,Marta Díaz,España,Madrid
CL00931,cliente00931@bancofaro.es,Marta Hernández,España,Alicante
CL00932,cliente00932@bancofaro.es,Pablo Sánchez,España,Alicante
CL00933,cliente00933@bancofaro.es,Elena Díaz,Francia,Málaga
CL00934,cliente00934@bancofaro.es,Ana Navarro,España,Bilbao
CL00935,cliente00935@bancofaro.es,Laura Hernández,España,Barcelona
CL00936,cliente00936@bancofaro.es,Jorge García,España,Madrid
CL00937,cliente00937@bancofaro.es,Laura Navarro,España,Zaragoza
CL00938,cliente00938@bancofaro.es,Laura Hernández,Portugal,Alicante
CL00939,cliente00939@bancofaro.es,Irene Hernández,Portugal,Bilbao
CL00940,cliente00940@bancofaro.es,David Sánchez,España,Bilbao
CL00941,cliente00941@bancofaro.es,Sergio López,España,Bilbao
CL00942,cliente00942@bancofaro.es,Jorge López,España,Barcelona
CL00943,cliente00943@bancofaro.es,Carla Ruiz,España,Alicante
CL00944,cliente00944@bancofaro.es,Bruno Romero,Francia,Zaragoza
CL00945,cliente00945@bancofaro.es,Sergio Hernández,España,Madrid
CL00946,cliente00946@bancofaro.es,David Navarro,Portugal,Alicante
CL00947,cliente00947@bancofaro.es,Elena Díaz,España,Valencia
CL00948,cliente00948@bancofaro.es,Sofía García,Portugal,Valencia
CL00949,cliente00949@bancofaro.es,Ana García,España,Zaragoza
CL00950,cliente00950@bancofaro.es,Mario Díaz,Francia,Málaga
CL00951,cliente00951@bancofaro.es,Sergio Díaz,España,Barcelona
CL00952,cliente00952@bancofaro.es,Sergio Hernández,España,Málaga
CL00953,cliente00953@bancofaro.es,Bruno Romero,España,Sevilla
CL00954,cliente00954@bancofaro.es,Nuria López,España,Barcelona
CL00955,cliente00955@bancofaro.es,Hugo Hernández,España,Madrid
CL00956,cliente00956@bancofaro.es,Ana Romero,Portugal,Madrid
CL00957,cliente00957@bancofaro.es,Nuria Pérez,España,Alicante
CL00958,cliente00958@bancofaro.es,David Martín,España,Barcelona
CL00959,cliente00959@bancofaro.es,Irene López,España,Zaragoza
CL00960,cliente00960@bancofaro.es,Carla Ruiz,España,Málaga
CL00961,cliente00961@bancofaro.es,Nuria Sánchez,España,Zaragoza
CL00962,cliente00962@bancofaro.es,Laura Ruiz,España,Zaragoza
CL00963,cliente00963@bancofaro.es,Nuria Pérez,España,Barcelona
CL00964,cliente00964@bancofaro.es,David García,España,Málaga
CL00965,cliente00965@bancofaro.es,Nuria Hernández,España,Barcelona
CL00966,cliente00966@bancofaro.es,Marta Sánchez,Portugal,Alicante
CL00967,cliente00967@bancofaro.es,Sofía Sánchez,España,Sevilla
CL00968,cliente00968@bancofaro.es,Nuria Díaz,España,Málaga
CL00969,cliente00969@bancofaro.es,Sergio López,España,Valencia
CL00970,cliente00970@bancofaro.es,David Sánchez,Francia,Alicante
CL00971,cliente00971@bancofaro.es,Carla Díaz,Portugal,Valencia
CL00972,cliente00972@bancofaro.es,Pablo Hernández,España,Zaragoza
CL00973,cliente00973@bancofaro.es,Carla Pérez,España,Madrid
CL00974,cliente00974@bancofaro.es,David Pérez,España,Alicante
CL00975,cliente00975@bancofaro.es,Ana López,España,Zaragoza
CL00976,cliente00976@bancofaro.es,Nuria Navarro,España,Barcelona
CL00977,cliente00977@bancofaro.es,Mario Hernández,Reino Unido,Zaragoza
CL00978,cliente00978@bancofaro.es,Marta Hernández,España,Zaragoza
CL00979,cliente00979@bancofaro.es,Ana García,España,Barcelona
CL00980,cliente00980@bancofaro.es,Mario Hernández,Italia,Bilbao
CL00981,cliente00981@bancofaro.es,Irene López,España,Bilbao
CL00982,cliente00982@bancofaro.es,David Pérez,España,Barcelona
CL00983,cliente00983@bancofaro.es,Elena López,España,Málaga
CL00984,cliente00984@bancofaro.es,Jorge Díaz,España,Alicante
CL00985,cliente00985@bancofaro.es,Carla Martín,España,Valencia
CL00986,cliente00986@bancofaro.es,Ana García,España,Valencia
CL00987,cliente00987@bancofaro.es,Marta Navarro,España,Bilbao
CL00988,cliente00988@bancofaro.es,Irene Navarro,España,Alicante
CL00989,cliente00989@bancofaro.es,Pablo Navarro,España,Valencia
CL00990,cliente00990@bancofaro.es,Marta Ruiz,España,Bilbao
CL00991,cliente00991@bancofaro.es,Laura Pérez,España,Alicante
CL00992,cliente00992@bancofaro.es,Marta Hernández,España,Alicante
CL00993,cliente00993@bancofaro.es,Mario Romero,España,Bilbao
CL00994,cliente00994@bancofaro.es,Hugo Martín,Reino Unido,Málaga
CL00995,cliente00995@bancofaro.es,Lucía Martín,España,Sevilla
CL00996,cliente00996@bancofaro.es,Pablo Díaz,España,Málaga
CL00997,cliente00997@bancofaro.es,Marta Pérez,Portugal,Valencia
CL00998,cliente00998@bancofaro.es,Mario Sánchez,España,Sevilla
CL00999,cliente00999@bancofaro.es,Mario Martín,España,Sevilla
CL01000,cliente01000@bancofaro.es,David Pérez,España,Alicante
CL01001,cliente01001@bancofaro.es,Elena Díaz,España,Sevilla
CL01002,cliente01002@bancofaro.es,Laura Sánchez,España,Madrid
CL01003,cliente01003@bancofaro.es,Mario Martín,España,Bilbao
CL01004,cliente01004@bancofaro.es,Pablo Ruiz,España,Málaga
CL01005,cliente01005@bancofaro.es,Bruno Ruiz,España,Málaga
CL01006,cliente01006@bancofaro.es,Irene Martín,España,Madrid
CL01007,cliente01007@bancofaro.es,Ana Romero,España,Sevilla
CL01008,cliente01008@bancofaro.es,Nuria Sánchez,España,Valencia
CL01009,cliente01009@bancofaro.es,Lucía García,Alemania,Alicante
CL01010,cliente01010@bancofaro.es,David Sánchez,España,Málaga
CL01011,cliente01011@bancofaro.es,Ana Navarro,España,Bilbao
CL01012,cliente01012@bancofaro.es,Nuria Hernández,Reino Unido,Valencia
CL01013,cliente01013@bancofaro.es,Bruno Pérez,España,Málaga
CL01014,cliente01014@bancofaro.es,Laura García,Francia,Alicante
CL01015,cliente01015@bancofaro.es,Ana Ruiz,España,Madrid
CL01016,cliente01016@bancofaro.es,Elena García,Reino Unido,Barcelona
CL01017,cliente01017@bancofaro.es,Laura Sánchez,Reino Unido,Valencia
CL01018,cliente01018@bancofaro.es,Irene Martín,España,Bilbao
CL01019,cliente01019@bancofaro.es,Lucía García,España,Madrid
CL01020,cliente01020@bancofaro.es,Marta Hernández,España,Zaragoza
CL01021,cliente01021@bancofaro.es,David Ruiz,España,Málaga
CL01022,cliente01022@bancofaro.es,Jorge Romero,España,Málaga
CL01023,cliente01023@bancofaro.es,Lucía Pérez,Francia,Bilbao
CL01024,cliente01024@bancofaro.es,Irene Ruiz,España,Valencia
CL01025,cliente01025@bancofaro.es,David Sánchez,España,Málaga
CL01026,cliente01026@bancofaro.es,Irene Navarro,Portugal,Bilbao
CL01027,cliente01027@bancofaro.es,David Pérez,España,Bilbao
CL01028,cliente01028@bancofaro.es,Sergio Hernández,España,Bilbao
CL01029,cliente01029@bancofaro.es,Sergio Navarro,España,Sevilla
CL01030,cliente01030@bancofaro.es,Bruno Navarro,Portugal,Alicante
CL01031,cliente01031@bancofaro.es,Hugo Romero,Francia,Sevilla
CL01032,cliente01032@bancofaro.es,Mario Díaz,España,Valencia
CL01033,cliente01033@bancofaro.es,Mario Romero,Francia,Málaga
CL01034,cliente01034@bancofaro.es,Nuria Romero,España,Bilbao
CL01035,cliente01035@bancofaro.es,Nuria Pérez,España,Zaragoza
CL01036,cliente01036@bancofaro.es,Jorge Martín,España,Alicante
CL01037,cliente01037@bancofaro.es,Ana Navarro,España,Valencia
CL01038,cliente01038@bancofaro.es,Laura Hernández,España,Bilbao
CL01039,cliente01039@bancofaro.es,Carla Romero,España,Bilbao
CL01040,cliente01040@bancofaro.es,Ana Hernández,España,Barcelona
CL01041,cliente01041@bancofaro.es,Ana López,España,Sevilla
CL01042,cliente01042@bancofaro.es,Pablo Navarro,España,Bilbao
CL01043,cliente01043@bancofaro.es,Jorge Navarro,España,Bilbao
CL01044,cliente01044@bancofaro.es,Sergio Romero,España,Barcelona
CL01045,cliente01045@bancofaro.es,Sofía Navarro,España,Sevilla
CL01046,cliente01046@bancofaro.es,Bruno Martín,Portugal,Barcelona
CL01047,cliente01047@bancofaro.es,Marta Díaz,Francia,Valencia
CL01048,cliente01048@bancofaro.es,Lucía Díaz,España,Madrid
CL01049,cliente01049@bancofaro.es,Irene Romero,España,Sevilla
CL01050,cliente01050@bancofaro.es,Ana Sánchez,Italia,Barcelona
CL01051,cliente01051@bancofaro.es,Pablo Martín,España,Sevilla
CL01052,cliente01052@bancofaro.es,Irene Díaz,España,Barcelona
CL01053,cliente01053@bancofaro.es,Pablo Pérez,Francia,Valencia
CL01054,cliente01054@bancofaro.es,Nuria Díaz,España,Zaragoza
CL01055,cliente01055@bancofaro.es,Marta García,España,Valencia
CL01056,cliente01056@bancofaro.es,Elena Hernández,Italia,Málaga
CL01057,cliente01057@bancofaro.es,Irene López,España,Bilbao
CL01058,cliente01058@bancofaro.es,Pablo García,España,Valencia
CL01059,cliente01059@bancofaro.es,Elena Hernández,España,Málaga
CL01060,cliente01060@bancofaro.es,Bruno Pérez,España,Málaga
CL01061,cliente01061@bancofaro.es,Ana Díaz,España,Málaga
CL01062,cliente01062@bancofaro.es,Mario Ruiz,España,Zaragoza
CL01063,cliente01063@bancofaro.es,Jorge Martín,España,Bilbao
CL01064,cliente01064@bancofaro.es,Elena Pérez,España,Alicante
CL01065,cliente01065@bancofaro.es,Sofía Sánchez,España,Bilbao
CL01066,cliente01066@bancofaro.es,Lucía Díaz,España,Barcelona
CL01067,cliente01067@bancofaro.es,Pablo Hernández,Reino Unido,Alicante
CL01068,cliente01068@bancofaro.es,Elena Díaz,España,Madrid
CL01069,cliente01069@bancofaro.es,Sofía Sánchez,España,Zaragoza
CL01070,cliente01070@bancofaro.es,Sofía Navarro,España,Valencia
CL01071,cliente01071@bancofaro.es,Nuria Pérez,España,Zaragoza
CL01072,cliente01072@bancofaro.es,Laura Díaz,España,Bilbao
CL01073,cliente01073@bancofaro.es,Nuria Hernández,España,Málaga
CL01074,cliente01074@bancofaro.es,Pablo Ruiz,España,Sevilla
CL01075,cliente01075@bancofaro.es,Jorge Navarro,España,Alicante
CL01076,cliente01076@bancofaro.es,Laura Romero,España,Barcelona
CL01077,cliente01077@bancofaro.es,Mario Romero,España,Valencia
CL01078,cliente01078@bancofaro.es,Jorge García,España,Bilbao
CL01079,cliente01079@bancofaro.es,Irene Sánchez,Italia,Alicante
CL01080,cliente01080@bancofaro.es,Laura Díaz,Alemania,Zaragoza
CL01081,cliente01081@bancofaro.es,Pablo Navarro,España,Zaragoza
CL01082,cliente01082@bancofaro.es,Carla Sánchez,España,Sevilla
CL01083,cliente01083@bancofaro.es,Hugo Díaz,Francia,Alicante
CL01084,cliente01084@bancofaro.es,Sofía Sánchez,España,Málaga
CL01085,cliente01085@bancofaro.es,Sergio Pérez,España,Alicante
CL01086,cliente01086@bancofaro.es,Ana Hernández,España,Bilbao
CL01087,cliente01087@bancofaro.es,Carla Pérez,España,Barcelona
CL01088,cliente01088@bancofaro.es,Sergio Ruiz,España,Bilbao
CL01089,cliente01089@bancofaro.es,Laura Hernández,España,Barcelona
CL01090,cliente01090@bancofaro.es,Hugo López,España,Barcelona
CL01091,cliente01091@bancofaro.es,Laura Navarro,España,Málaga
CL01092,cliente01092@bancofaro.es,Hugo Sánchez,España,Alicante
CL01093,cliente01093@bancofaro.es,Lucía Sánchez,España,Málaga
CL01094,cliente01094@bancofaro.es,Pablo Hernández,España,Bilbao
CL01095,cliente01095@bancofaro.es,Hugo Navarro,España,Bilbao
CL01096,cliente01096@bancofaro.es,Nuria García,España,Bilbao
CL01097,cliente01097@bancofaro.es,Pablo Sánchez,España,Zaragoza
CL01098,cliente01098@bancofaro.es,Nuria Sánchez,Alemania,Valencia
CL01099,cliente01099@bancofaro.es,Jorge Martín,España,Zaragoza
CL01100,cliente01100@bancofaro.es,David García,España,Alicante
CL01101,cliente01101@bancofaro.es,Bruno Martín,España,Alicante
CL01102,cliente01102@bancofaro.es,Carla Romero,España,Madrid
CL01103,cliente01103@bancofaro.es,Hugo Hernández,España,Sevilla
CL01104,cliente01104@bancofaro.es,David López,España,Zaragoza
CL01105,cliente01105@bancofaro.es,Bruno Romero,España,Zaragoza
CL01106,cliente01106@bancofaro.es,Sofía Martín,España,Sevilla
CL01107,cliente01107@bancofaro.es,Mario Navarro,Italia,Málaga
CL01108,cliente01108@bancofaro.es,David Ruiz,España,Bilbao
CL01109,cliente01109@bancofaro.es,Bruno Navarro,España,Alicante
CL01110,cliente01110@bancofaro.es,Mario Martín,Portugal,Valencia
CL01111,cliente01111@bancofaro.es,Hugo Martín,España,Barcelona
CL01112,cliente01112@bancofaro.es,Bruno Pérez,España,Sevilla
CL01113,cliente01113@bancofaro.es,Sergio Hernández,Francia,Bilbao
CL01114,cliente01114@bancofaro.es,Sofía Hernández,España,Málaga
CL01115,cliente01115@bancofaro.es,Sofía Pérez,España,Barcelona
CL01116,cliente01116@bancofaro.es,Lucía López,España,Bilbao
CL01117,cliente01117@bancofaro.es,Sofía Navarro,España,Bilbao
CL01118,cliente01118@bancofaro.es,David García,España,Sevilla
CL01119,cliente01119@bancofaro.es,Laura García,España,Valencia
CL01120,cliente01120@bancofaro.es,Elena Hernández,Francia,Alicante
CL01121,cliente01121@bancofaro.es,Bruno Martín,España,Alicante
CL01122,cliente01122@bancofaro.es,Hugo Ruiz,Portugal,Zaragoza
CL01123,cliente01123@bancofaro.es,Lucía García,España,Valencia
CL01124,cliente01124@bancofaro.es,Bruno Sánchez,España,Zaragoza
CL01125,cliente01125@bancofaro.es,Sofía Ruiz,España,Barcelona
CL01126,cliente01126@bancofaro.es,Carla Ruiz,España,Zaragoza
CL01127,cliente01127@bancofaro.es,Jorge García,Francia,Zaragoza
CL01128,cliente01128@bancofaro.es,David Navarro,Alemania,Bilbao
CL01129,cliente01129@bancofaro.es,Irene Díaz,España,Bilbao
CL01130,cliente01130@bancofaro.es,David Pérez,España,Málaga
CL01131,cliente01131@bancofaro.es,Ana Romero,España,Sevilla
CL01132,cliente01132@bancofaro.es,Ana Pérez,España,Málaga
CL01133,cliente01133@bancofaro.es,Carla Sánchez,España,Málaga
CL01134,cliente01134@bancofaro.es,Hugo Pérez,España,Málaga
CL01135,cliente01135@bancofaro.es,Pablo Hernández,España,Madrid
CL01136,cliente01136@bancofaro.es,Sergio Ruiz,España,Bilbao
CL01137,cliente01137@bancofaro.es,Ana García,España,Barcelona
CL01138,cliente01138@bancofaro.es,Hugo Sánchez,España,Barcelona
CL01139,cliente01139@bancofaro.es,Pablo Martín,España,Barcelona
CL01140,cliente01140@bancofaro.es,David Díaz,España,Alicante
CL01141,cliente01141@bancofaro.es,Sergio García,Portugal,Málaga
CL01142,cliente01142@bancofaro.es,Sofía López,España,Madrid
CL01143,cliente01143@bancofaro.es,Sofía Ruiz,Portugal,Zaragoza
CL01144,cliente01144@bancofaro.es,Bruno Ruiz,España,Barcelona
CL01145,cliente01145@bancofaro.es,Lucía Martín,Reino Unido,Madrid
CL01146,cliente01146@bancofaro.es,Carla López,España,Bilbao
CL01147,cliente01147@bancofaro.es,Carla Martín,Francia,Barcelona
CL01148,cliente01148@bancofaro.es,Nuria Díaz,España,Valencia
CL01149,cliente01149@bancofaro.es,Marta Navarro,España,Valencia
CL01150,cliente01150@bancofaro.es,Elena Martín,Francia,Málaga
CL01151,cliente01151@bancofaro.es,Marta Díaz,España,Sevilla
CL01152,cliente01152@bancofaro.es,Nuria Martín,Alemania,Bilbao
CL01153,cliente01153@bancofaro.es,David Martín,España,Bilbao
CL01154,cliente01154@bancofaro.es,Laura Navarro,España,Zaragoza
CL01155,cliente01155@bancofaro.es,Mario Navarro,España,Bilbao
CL01156,cliente01156@bancofaro.es,Carla Martín,Alemania,Málaga
CL01157,cliente01157@bancofaro.es,Laura García,España,Bilbao
CL01158,cliente01158@bancofaro.es,Pablo Romero,España,Barcelona
CL01159,cliente01159@bancofaro.es,Pablo García,España,Valencia
CL01160,cliente01160@bancofaro.es,Marta García,España,Bilbao
CL01161,cliente01161@bancofaro.es,Irene García,España,Alicante
CL01162,cliente01162@bancofaro.es,Sofía Ruiz,España,Madrid
CL01163,cliente01163@bancofaro.es,Jorge Martín,España,Bilbao
CL01164,cliente01164@bancofaro.es,Mario López,España,Madrid
CL01165,cliente01165@bancofaro.es,Pablo Díaz,España,Zaragoza
CL01166,cliente01166@bancofaro.es,Carla López,España,Valencia
CL01167,cliente01167@bancofaro.es,Jorge Sánchez,España,Alicante
CL01168,cliente01168@bancofaro.es,Mario Sánchez,España,Valencia
CL01169,cliente01169@bancofaro.es,Lucía Sánchez,España,Bilbao
CL01170,cliente01170@bancofaro.es,Pablo Romero,España,Bilbao
CL01171,cliente01171@bancofaro.es,Ana López,España,Barcelona
CL01172,cliente01172@bancofaro.es,Laura Sánchez,España,Málaga
CL01173,cliente01173@bancofaro.es,David Díaz,España,Alicante
CL01174,cliente01174@bancofaro.es,Elena Ruiz,España,Valencia
CL01175,cliente01175@bancofaro.es,Nuria Martín,España,Alicante
CL01176,cliente01176@bancofaro.es,Lucía Hernández,España,Barcelona
CL01177,cliente01177@bancofaro.es,Bruno Pérez,España,Málaga
CL01178,cliente01178@bancofaro.es,David García,Portugal,Zaragoza
CL01179,cliente01179@bancofaro.es,Carla García,España,Barcelona
CL01180,cliente01180@bancofaro.es,Laura Navarro,España,Alicante
CL01181,cliente01181@bancofaro.es,Elena Díaz,Francia,Barcelona
CL01182,cliente01182@bancofaro.es,Lucía López,España,Valencia
CL01183,cliente01183@bancofaro.es,Marta Hernández,España,Málaga
CL01184,cliente01184@bancofaro.es,Sofía López,España,Sevilla
CL01185,cliente01185@bancofaro.es,Nuria Navarro,España,Barcelona
CL01186,cliente01186@bancofaro.es,Hugo Romero,España,Sevilla
CL01187,cliente01187@bancofaro.es,Sergio Díaz,España,Barcelona
CL01188,cliente01188@bancofaro.es,Bruno Pérez,España,Barcelona
CL01189,cliente01189@bancofaro.es,Elena Navarro,España,Bilbao
CL01190,cliente01190@bancofaro.es,Marta Ruiz,Portugal,Sevilla
CL01191,cliente01191@bancofaro.es,Pablo Ruiz,España,Valencia
CL01192,cliente01192@bancofaro.es,Elena Romero,España,Sevilla
CL01193,cliente01193@bancofaro.es,Lucía López,España,Bilbao
CL01194,cliente01194@bancofaro.es,Hugo Pérez,Italia,Barcelona
CL01195,cliente01195@bancofaro.es,Sergio Martín,España,Madrid
CL01196,cliente01196@bancofaro.es,David Ruiz,España,Zaragoza
CL01197,cliente01197@bancofaro.es,David Pérez,España,Málaga
CL01198,cliente01198@bancofaro.es,Jorge Sánchez,España,Málaga
CL01199,cliente01199@bancofaro.es,Irene Ruiz,España,Alicante
CL01200,cliente01200@bancofaro.es,Carla Díaz,España,Alicante
